SKUCode,Machines
1325213612065SULX1,"[4401, 4402, 4403, 4404, 4405, 4406, 4407, 4408, 4409, 4411, 4412, 4413, 4414, 4415, 4416, 4417, 4801, 4802, 4410, 4901, 4902, 4903, 4904, 4905, 4906, 4907, 4908, 4909, 4910, 4911, 4912, 4916, 4917, 4918, 4919, 4921, 4922, 4923, 4924, 4925, 8601, 8602, 8603, 8604, 8605, 8606, 8701, 8702, 9701, 9702, 9703, 9704, 4913, 4914, 4915, 4920, 9001, 9002, 9201, 9202, 9203, 9401, 9402, 9403, 9404, 9405, 9406, 9407, 9408, 9409, 9410, 9411, 9412, 9413, 9414]"
1D25214012006QXC10,"[4401, 4402, 4403, 4404, 4405, 4406, 4407, 4408, 4409, 4411, 4412, 4413, 4414, 4415, 4416, 4417, 4801, 4802, 9001, 9002, 9201, 9202, 9203, 9401, 9402, 9403, 9404, 9405, 9406, 9407, 9408, 9409, 9410, 9411, 9412, 9413, 9414]"
1325214812074TUHL0,"[4401, 4402, 4403, 4404, 4405, 4406, 4407, 4408, 4409, 4411, 4412, 4413, 4414, 4415, 4416, 4417, 4801, 4802, 9001, 9002, 9201, 9202, 9203, 9401, 9402, 9403, 9404, 9405, 9406, 9407, 9408, 9409, 9410, 9411, 9412, 9413, 9414, 9502, 9503, 9504, 9505, 9506, 9507]"
1325114812074TUHL0,"[4401, 4402, 4403, 4404, 4405, 4406, 4407, 4408, 4409, 4411, 4412, 4413, 4414, 4415, 4416, 4417, 4801, 4802, 9001, 9002, 9201, 9202, 9203, 9401, 9402, 9403, 9404, 9405, 9406, 9407, 9408, 9409, 9410, 9411, 9412, 9413, 9414, 9502, 9503, 9504, 9505, 9506, 9507]"
1325214612069TUHL0,"[4401, 4402, 4403, 4404, 4405, 4406, 4407, 4408, 4409, 4411, 4412, 4413, 4414, 4415, 4416, 4417, 4801, 4802, 9001, 9002, 9201, 9202, 9203, 9401, 9402, 9403, 9404, 9405, 9406, 9407, 9408, 9409, 9410, 9411, 9412, 9413, 9414, 9502, 9503, 9504, 9505, 9506, 9507]"
1D25213812090FXPC0,"[4401, 4402, 4403, 4404, 4405, 4406, 4407, 4408, 4409, 4411, 4412, 4413, 4414, 4415, 4416, 4417, 4801, 4802, 9001, 9002, 9201, 9202, 9203, 9401, 9402, 9403, 9404, 9405, 9406, 9407, 9408, 9409, 9410, 9411, 9412, 9413, 9414, 9502, 9503, 9504, 9505, 9506, 9507]"
1325114612069TUHL0,"[4401, 4402, 4403, 4404, 4405, 4406, 4407, 4408, 4409, 4411, 4412, 4413, 4414, 4415, 4416, 4417, 4801, 4802, 9001, 9002, 9201, 9202, 9203, 9401, 9402, 9403, 9404, 9405, 9406, 9407, 9408, 9409, 9410, 9411, 9412, 9413, 9414, 9502, 9503, 9504, 9505, 9506, 9507]"
1D25212812074FXC10,"[4401, 4402, 4403, 4404, 4405, 4406, 4407, 4408, 4409, 4411, 4412, 4413, 4414, 4415, 4416, 4417, 4801, 4802, 9001, 9002, 9201, 9202, 9203, 9401, 9402, 9403, 9404, 9405, 9406, 9407, 9408, 9409, 9410, 9411, 9412, 9413, 9414, 9502, 9503, 9504, 9505, 9506, 9507]"
1D25212812086FXPC0,"[4401, 4402, 4403, 4404, 4405, 4406, 4407, 4408, 4409, 4411, 4412, 4413, 4414, 4415, 4416, 4417, 4801, 4802, 9001, 9002, 9201, 9202, 9203, 9401, 9402, 9403, 9404, 9405, 9406, 9407, 9408, 9409, 9410, 9411, 9412, 9413, 9414]"
1D25214012008QSTL0,"[4401, 4402, 4403, 4404, 4405, 4406, 4407, 4408, 4409, 4411, 4412, 4413, 4414, 4415, 4416, 4417, 4801, 4802, 9001, 9002, 9201, 9202, 9203, 9401, 9402, 9403, 9404, 9405, 9406, 9407, 9408, 9409, 9410, 9411, 9412, 9413, 9414]"
1325216612077HUHL0,"[4401, 4402, 4403, 4404, 4405, 4406, 4407, 4408, 4409, 4411, 4412, 4413, 4414, 4415, 4416, 4417, 4801, 4802, 9001, 9002, 9201, 9202, 9203, 9401, 9402, 9403, 9404, 9405, 9406, 9407, 9408, 9409, 9410, 9411, 9412, 9413, 9414, 9502, 9503, 9504, 9505, 9506, 9507]"
1D25114012008QSTL0,"[4401, 4402, 4403, 4404, 4405, 4406, 4407, 4408, 4409, 4411, 4412, 4413, 4414, 4415, 4416, 4417, 4801, 4802, 9001, 9002, 9201, 9202, 9203, 9401, 9402, 9403, 9404, 9405, 9406, 9407, 9408, 9409, 9410, 9411, 9412, 9413, 9414]"
1D25115013008QXPC0,"[4401, 4402, 4403, 4404, 4405, 4406, 4407, 4408, 4409, 4411, 4412, 4413, 4414, 4415, 4416, 4417, 4801, 4802, 9001, 9002, 9201, 9202, 9203, 9401, 9402, 9403, 9404, 9405, 9406, 9407, 9408, 9409, 9410, 9411, 9412, 9413, 9414, 24801, 24802, 24803, 24804, 24805, 24806, 24807, 24808, 24809, 24810, 24811, 24812, 24813, 24814, 24815, 24816, 24817, 24818, 24819, 24820, 24821, 24822, 24823, 24824, 24825, 14801, 14802, 14803, 14804, 14805, 14806, 14807, 14808, 14809, 14810, 14811, 14812, 14813, 15201, 15202, 15203, 15204, 15205, 15206, 15207, 15208, 15209, 15210, 15211, 15212, 15213, 75204, 24826, 75222, 75205, 75211, 75209, 75202, 75228, 75208, 75215, 75229, 75223, 75203, 75230, 75206, 75213, 75201, 75224, 75214, 75225, 75212, 75207, 75226, 75210, 75227, 75221, 75216, 75218, 75220, 75217, 75219]"
1D25215Z13008QXPC0,"[4401, 4402, 4403, 4404, 4405, 4406, 4407, 4408, 4409, 4411, 4412, 4413, 4414, 4415, 4416, 4417, 4801, 4802, 9001, 9002, 9201, 9202, 9203, 9401, 9402, 9403, 9404, 9405, 9406, 9407, 9408, 9409, 9410, 9411, 9412, 9413, 9414, 24801, 24802, 24803, 24804, 24805, 24806, 24807, 24808, 24809, 24810, 24811, 24812, 24813, 24814, 24815, 24816, 24817, 24818, 24819, 24820, 24821, 24822, 24823, 24824, 24825, 14801, 14802, 14803, 14804, 14805, 14806, 14807, 14808, 14809, 14810, 14811, 14812, 14813, 15201, 15202, 15203, 15204, 15205, 15206, 15207, 15208, 15209, 15210, 15211, 15212, 15213, 75204, 24826, 75222, 75205, 75211, 75209, 75202, 75228, 75208, 75215, 75229, 75223, 75203, 75230, 75206, 75213, 75201, 75224, 75214, 75225, 75212, 75207, 75226, 75210, 75227, 75221, 75216, 75218, 75220, 75217, 75219]"
1325216513077TUSP0,"[4401, 4402, 4403, 4404, 4405, 4406, 4407, 4408, 4409, 4411, 4412, 4413, 4414, 4415, 4416, 4417, 4801, 4802, 4410, 4901, 4902, 4903, 4904, 4905, 4906, 4907, 4908, 4909, 4910, 4911, 4912, 4916, 4917, 4918, 4919, 4921, 4922, 4923, 4924, 4925, 8601, 8602, 8603, 8604, 8605, 8606, 8701, 8702, 9701, 9702, 9703, 9704, 4913, 4914, 4915, 4920, 9001, 9002, 9201, 9202, 9203, 9401, 9402, 9403, 9404, 9405, 9406, 9407, 9408, 9409, 9410, 9411, 9412, 9413, 9414]"
1325217413077TUSP0,"[4401, 4402, 4403, 4404, 4405, 4406, 4407, 4408, 4409, 4411, 4412, 4413, 4414, 4415, 4416, 4417, 4801, 4802, 4410, 4901, 4902, 4903, 4904, 4905, 4906, 4907, 4908, 4909, 4910, 4911, 4912, 4916, 4917, 4918, 4919, 4921, 4922, 4923, 4924, 4925, 8601, 8602, 8603, 8604, 8605, 8606, 8701, 8702, 9701, 9702, 9703, 9704, 4913, 4914, 4915, 4920, 9001, 9002, 9201, 9202, 9203, 9401, 9402, 9403, 9404, 9405, 9406, 9407, 9408, 9409, 9410, 9411, 9412, 9413, 9414]"
1325217613082TUXP0,"[4401, 4402, 4403, 4404, 4405, 4406, 4407, 4408, 4409, 4411, 4412, 4413, 4414, 4415, 4416, 4417, 4801, 4802, 4410, 4901, 4902, 4903, 4904, 4905, 4906, 4907, 4908, 4909, 4910, 4911, 4912, 4916, 4917, 4918, 4919, 4921, 4922, 4923, 4924, 4925, 8601, 8602, 8603, 8604, 8605, 8606, 8701, 8702, 9701, 9702, 9703, 9704, 4913, 4914, 4915, 4920, 9001, 9002, 9201, 9202, 9203, 9401, 9402, 9403, 9404, 9405, 9406, 9407, 9408, 9409, 9410, 9411, 9412, 9413, 9414]"
1325218413080TUSP0,"[4401, 4402, 4403, 4404, 4405, 4406, 4407, 4408, 4409, 4411, 4412, 4413, 4414, 4415, 4416, 4417, 4801, 4802, 4410, 4901, 4902, 4903, 4904, 4905, 4906, 4907, 4908, 4909, 4910, 4911, 4912, 4916, 4917, 4918, 4919, 4921, 4922, 4923, 4924, 4925, 8601, 8602, 8603, 8604, 8605, 8606, 8701, 8702, 9701, 9702, 9703, 9704, 4913, 4914, 4915, 4920, 9001, 9002, 9201, 9202, 9203, 9401, 9402, 9403, 9404, 9405, 9406, 9407, 9408, 9409, 9410, 9411, 9412, 9413, 9414]"
1325218613086TURO0,"[4401, 4402, 4403, 4404, 4405, 4406, 4407, 4408, 4409, 4411, 4412, 4413, 4414, 4415, 4416, 4417, 4801, 4802, 4410, 4901, 4902, 4903, 4904, 4905, 4906, 4907, 4908, 4909, 4910, 4911, 4912, 4916, 4917, 4918, 4919, 4921, 4922, 4923, 4924, 4925, 8601, 8602, 8603, 8604, 8605, 8606, 8701, 8702, 9701, 9702, 9703, 9704, 9001, 9002, 9201, 9202, 9203, 9401, 9402, 9403, 9404, 9405, 9406, 9407, 9408, 9409, 9410, 9411, 9412, 9413, 9414]"
1325215513073TUHL0,"[4401, 4402, 4403, 4404, 4405, 4406, 4407, 4408, 4409, 4411, 4412, 4413, 4414, 4415, 4416, 4417, 4801, 4802, 9001, 9002, 9201, 9202, 9203, 9401, 9402, 9403, 9404, 9405, 9406, 9407, 9408, 9409, 9410, 9411, 9412, 9413, 9414, 9502, 9503, 9504, 9505, 9506, 9507, 24801, 24802, 24803, 24804, 24805, 24806, 24807, 24808, 24809, 24810, 24811, 24812, 24813, 24814, 24815, 24816, 24817, 24818, 24819, 24820, 24821, 24822, 24823, 24824, 24825, 14801, 14802, 14803, 14804, 14805, 14806, 14807, 14808, 14809, 14810, 14811, 14812, 14813, 15201, 15202, 15203, 15204, 15205, 15206, 15207, 15208, 15209, 15210, 15211, 15212, 15213, 54801, 54802, 54803, 54804, 75204, 24826, 75222, 75205, 75211, 75209, 75202, 75228, 75208, 75215, 75229, 75223, 75203, 75230, 75206, 75213, 75201, 75224, 75214, 75225, 75212, 75207, 75226, 75210, 75227, 75221, 75216, 75218, 75220, 75217, 75219]"
1325218413080TULX0,"[4401, 4402, 4403, 4404, 4405, 4406, 4407, 4408, 4409, 4411, 4412, 4413, 4414, 4415, 4416, 4417, 4801, 4802, 4410, 4901, 4902, 4903, 4904, 4905, 4906, 4907, 4908, 4909, 4910, 4911, 4912, 4916, 4917, 4918, 4919, 4921, 4922, 4923, 4924, 4925, 8601, 8602, 8603, 8604, 8605, 8606, 8701, 8702, 9701, 9702, 9703, 9704, 9001, 9002, 9201, 9202, 9203, 9401, 9402, 9403, 9404, 9405, 9406, 9407, 9408, 9409, 9410, 9411, 9412, 9413, 9414]"
1325216513081TUSP0,"[4401, 4402, 4403, 4404, 4405, 4406, 4407, 4408, 4409, 4411, 4412, 4413, 4414, 4415, 4416, 4417, 4801, 4802, 4410, 4901, 4902, 4903, 4904, 4905, 4906, 4907, 4908, 4909, 4910, 4911, 4912, 4916, 4917, 4918, 4919, 4921, 4922, 4923, 4924, 4925, 8601, 8602, 8603, 8604, 8605, 8606, 8701, 8702, 9701, 9702, 9703, 9704, 4913, 4914, 4915, 4920, 9001, 9002, 9201, 9202, 9203, 9401, 9402, 9403, 9404, 9405, 9406, 9407, 9408, 9409, 9410, 9411, 9412, 9413, 9414]"
1325216813083TUNE0,"[4401, 4402, 4403, 4404, 4405, 4406, 4407, 4408, 4409, 4411, 4412, 4413, 4414, 4415, 4416, 4417, 4801, 4802, 9001, 9002, 9201, 9202, 9203, 9401, 9402, 9403, 9404, 9405, 9406, 9407, 9408, 9409, 9410, 9411, 9412, 9413, 9414, 9502, 9503, 9504, 9505, 9506, 9507, 24801, 24802, 24803, 24804, 24805, 24806, 24807, 24808, 24809, 24810, 24811, 24812, 24813, 24814, 24815, 24816, 24817, 24818, 24819, 24820, 24821, 24822, 24823, 24824, 24825, 14801, 14802, 14803, 14804, 14805, 14806, 14807, 14808, 14809, 14810, 14811, 14812, 14813, 15201, 15202, 15203, 15204, 15205, 15206, 15207, 15208, 15209, 15210, 15211, 15212, 15213, 54801, 54802, 54803, 54804, 75204, 24826, 75222, 75205, 75211, 75209, 75202, 75228, 75208, 75215, 75229, 75223, 75203, 75230, 75206, 75213, 75201, 75224, 75214, 75225, 75212, 75207, 75226, 75210, 75227, 75221, 75216, 75218, 75220, 75217, 75219]"
1225216Z13008RXC10,"[4401, 4402, 4403, 4404, 4405, 4406, 4407, 4408, 4409, 4411, 4412, 4413, 4414, 4415, 4416, 4417, 4801, 4802, 9001, 9002, 9201, 9202, 9203, 9401, 9402, 9403, 9404, 9405, 9406, 9407, 9408, 9409, 9410, 9411, 9412, 9413, 9414, 24801, 24802, 24803, 24804, 24805, 24806, 24807, 24808, 24809, 24810, 24811, 24812, 24813, 24814, 24815, 24816, 24817, 24818, 24819, 24820, 24821, 24822, 24823, 24824, 24825, 14801, 14802, 14803, 14804, 14805, 14806, 14807, 14808, 14809, 14810, 14811, 14812, 14813, 15201, 15202, 15203, 15204, 15205, 15206, 15207, 15208, 15209, 15210, 15211, 15212, 15213, 75204, 24826, 75222, 75205, 75211, 75209, 75202, 75228, 75208, 75215, 75229, 75223, 75203, 75230, 75206, 75213, 75201, 75224, 75214, 75225, 75212, 75207, 75226, 75210, 75227, 75221, 75216, 75218, 75220, 75217, 75219]"
1325214813075SUNE1,"[24801, 24802, 24803, 24804, 24805, 24806, 24807, 24808, 24809, 24810, 24811, 24812, 24813, 24814, 24815, 24816, 24817, 24818, 24819, 24820, 24821, 24822, 24823, 24824, 24825, 14801, 14802, 14803, 14804, 14805, 14806, 14807, 14808, 14809, 14810, 14811, 14812, 14813, 15201, 15202, 15203, 15204, 15205, 15206, 15207, 15208, 15209, 15210, 15211, 15212, 15213, 54801, 54802, 54803, 54804, 75204, 24826, 75222, 75205, 75211, 75209, 75202, 75228, 75208, 75215, 75229, 75223, 75203, 75230, 75206, 75213, 75201, 75224, 75214, 75225, 75212, 75207, 75226, 75210, 75227, 75221, 75216, 75218, 75220, 75217, 75219]"
1325215613075TUHL0,"[4401, 4402, 4403, 4404, 4405, 4406, 4407, 4408, 4409, 4411, 4412, 4413, 4414, 4415, 4416, 4417, 4801, 4802, 9001, 9002, 9201, 9202, 9203, 9401, 9402, 9403, 9404, 9405, 9406, 9407, 9408, 9409, 9410, 9411, 9412, 9413, 9414, 9502, 9503, 9504, 9505, 9506, 9507, 24801, 24802, 24803, 24804, 24805, 24806, 24807, 24808, 24809, 24810, 24811, 24812, 24813, 24814, 24815, 24816, 24817, 24818, 24819, 24820, 24821, 24822, 24823, 24824, 24825, 14801, 14802, 14803, 14804, 14805, 14806, 14807, 14808, 14809, 14810, 14811, 14812, 14813, 15201, 15202, 15203, 15204, 15205, 15206, 15207, 15208, 15209, 15210, 15211, 15212, 15213, 54801, 54802, 54803, 54804, 75204, 24826, 75222, 75205, 75211, 75209, 75202, 75228, 75208, 75215, 75229, 75223, 75203, 75230, 75206, 75213, 75201, 75224, 75214, 75225, 75212, 75207, 75226, 75210, 75227, 75221, 75216, 75218, 75220, 75217, 75219]"
1325220413087VZEP0,"[4401, 4402, 4403, 4404, 4405, 4406, 4407, 4408, 4409, 4411, 4412, 4413, 4414, 4415, 4416, 4417, 4801, 4802, 4410, 9001, 9002, 9201, 9202, 9203, 9401, 9402, 9403, 9404, 9405, 9406, 9407, 9408, 9409, 9410, 9411, 9412, 9413, 9414]"
1325215813079SUHL0,"[4401, 4402, 4403, 4404, 4405, 4406, 4407, 4408, 4409, 4411, 4412, 4413, 4414, 4415, 4416, 4417, 4801, 4802, 9001, 9002, 9201, 9202, 9203, 9401, 9402, 9403, 9404, 9405, 9406, 9407, 9408, 9409, 9410, 9411, 9412, 9413, 9414, 9502, 9503, 9504, 9505, 9506, 9507, 24801, 24802, 24803, 24804, 24805, 24806, 24807, 24808, 24809, 24810, 24811, 24812, 24813, 24814, 24815, 24816, 24817, 24818, 24819, 24820, 24821, 24822, 24823, 24824, 24825, 14801, 14802, 14803, 14804, 14805, 14806, 14807, 14808, 14809, 14810, 14811, 14812, 14813, 15201, 15202, 15203, 15204, 15205, 15206, 15207, 15208, 15209, 15210, 15211, 15212, 15213, 54801, 54802, 54803, 54804, 75204, 24826, 75222, 75205, 75211, 75209, 75202, 75228, 75208, 75215, 75229, 75223, 75203, 75230, 75206, 75213, 75201, 75224, 75214, 75225, 75212, 75207, 75226, 75210, 75227, 75221, 75216, 75218, 75220, 75217, 75219]"
1325215613075TTMX0,"[4401, 4402, 4403, 4404, 4405, 4406, 4407, 4408, 4409, 4411, 4412, 4413, 4414, 4415, 4416, 4417, 4801, 4802, 9001, 9002, 9201, 9202, 9203, 9401, 9402, 9403, 9404, 9405, 9406, 9407, 9408, 9409, 9410, 9411, 9412, 9413, 9414, 9502, 9503, 9504, 9505, 9506, 9507, 24801, 24802, 24803, 24804, 24805, 24806, 24807, 24808, 24809, 24810, 24811, 24812, 24813, 24814, 24815, 24816, 24817, 24818, 24819, 24820, 24821, 24822, 24823, 24824, 24825, 14801, 14802, 14803, 14804, 14805, 14806, 14807, 14808, 14809, 14810, 14811, 14812, 14813, 15201, 15202, 15203, 15204, 15205, 15206, 15207, 15208, 15209, 15210, 15211, 15212, 15213, 54801, 54802, 54803, 54804, 75204, 24826, 75222, 75205, 75211, 75209, 75202, 75228, 75208, 75215, 75229, 75223, 75203, 75230, 75206, 75213, 75201, 75224, 75214, 75225, 75212, 75207, 75226, 75210, 75227, 75221, 75216, 75218, 75220, 75217, 75219]"
1325215813079STMX0,"[4401, 4402, 4403, 4404, 4405, 4406, 4407, 4408, 4409, 4411, 4412, 4413, 4414, 4415, 4416, 4417, 4801, 4802, 9001, 9002, 9201, 9202, 9203, 9401, 9402, 9403, 9404, 9405, 9406, 9407, 9408, 9409, 9410, 9411, 9412, 9413, 9414, 9502, 9503, 9504, 9505, 9506, 9507, 24801, 24802, 24803, 24804, 24805, 24806, 24807, 24808, 24809, 24810, 24811, 24812, 24813, 24814, 24815, 24816, 24817, 24818, 24819, 24820, 24821, 24822, 24823, 24824, 24825, 14801, 14802, 14803, 14804, 14805, 14806, 14807, 14808, 14809, 14810, 14811, 14812, 14813, 15201, 15202, 15203, 15204, 15205, 15206, 15207, 15208, 15209, 15210, 15211, 15212, 15213, 54801, 54802, 54803, 54804, 75204, 24826, 75222, 75205, 75211, 75209, 75202, 75228, 75208, 75215, 75229, 75223, 75203, 75230, 75206, 75213, 75201, 75224, 75214, 75225, 75212, 75207, 75226, 75210, 75227, 75221, 75216, 75218, 75220, 75217, 75219]"
1325214613071TTMX0,"[4401, 4402, 4403, 4404, 4405, 4406, 4407, 4408, 4409, 4411, 4412, 4413, 4414, 4415, 4416, 4417, 4801, 4802, 9001, 9002, 9201, 9202, 9203, 9401, 9402, 9403, 9404, 9405, 9406, 9407, 9408, 9409, 9410, 9411, 9412, 9413, 9414, 9502, 9503, 9504, 9505, 9506, 9507, 24801, 24802, 24803, 24804, 24805, 24806, 24807, 24808, 24809, 24810, 24811, 24812, 24813, 24814, 24815, 24816, 24817, 24818, 24819, 24820, 24821, 24822, 24823, 24824, 24825, 14801, 14802, 14803, 14804, 14805, 14806, 14807, 14808, 14809, 14810, 14811, 14812, 14813, 15201, 15202, 15203, 15204, 15205, 15206, 15207, 15208, 15209, 15210, 15211, 15212, 15213, 54801, 54802, 54803, 54804, 75204, 24826, 75222, 75205, 75211, 75209, 75202, 75228, 75208, 75215, 75229, 75223, 75203, 75230, 75206, 75213, 75201, 75224, 75214, 75225, 75212, 75207, 75226, 75210, 75227, 75221, 75216, 75218, 75220, 75217, 75219]"
1325114613071TTMX0,"[4401, 4402, 4403, 4404, 4405, 4406, 4407, 4408, 4409, 4411, 4412, 4413, 4414, 4415, 4416, 4417, 4801, 4802, 9001, 9002, 9201, 9202, 9203, 9401, 9402, 9403, 9404, 9405, 9406, 9407, 9408, 9409, 9410, 9411, 9412, 9413, 9414, 9502, 9503, 9504, 9505, 9506, 9507, 24801, 24802, 24803, 24804, 24805, 24806, 24807, 24808, 24809, 24810, 24811, 24812, 24813, 24814, 24815, 24816, 24817, 24818, 24819, 24820, 24821, 24822, 24823, 24824, 24825, 14801, 14802, 14803, 14804, 14805, 14806, 14807, 14808, 14809, 14810, 14811, 14812, 14813, 15201, 15202, 15203, 15204, 15205, 15206, 15207, 15208, 15209, 15210, 15211, 15212, 15213, 54801, 54802, 54803, 54804, 75204, 24826, 75222, 75205, 75211, 75209, 75202, 75228, 75208, 75215, 75229, 75223, 75203, 75230, 75206, 75213, 75201, 75224, 75214, 75225, 75212, 75207, 75226, 75210, 75227, 75221, 75216, 75218, 75220, 75217, 75219]"
1F15220013540DLVX0,"[24801, 24802, 24803, 24804, 24805, 24806, 24807, 24808, 24809, 24810, 24811, 24812, 24813, 24814, 24815, 24816, 24817, 24818, 24819, 24820, 24821, 24822, 24823, 24824, 24825, 14801, 14802, 14803, 14804, 14805, 14806, 14807, 14808, 14809, 14810, 14811, 14812, 14813, 15201, 15202, 15203, 15204, 15205, 15206, 15207, 15208, 15209, 15210, 15211, 15212, 15213, 75204, 24826, 75222, 75205, 75211, 75209, 75202, 75228, 75208, 75215, 75229, 75223, 75203, 75230, 75206, 75213, 75201, 75224, 75214, 75225, 75212, 75207, 75226, 75210, 75227, 75221, 75216, 75218, 75220, 75217, 75219]"
1F15224013570DLVX0,"[24801, 24802, 24803, 24804, 24805, 24806, 24807, 24808, 24809, 24810, 24811, 24812, 24813, 24814, 24815, 24816, 24817, 24818, 24819, 24820, 24821, 24822, 24823, 24824, 24825, 14801, 14802, 14803, 14804, 14805, 14806, 14807, 14808, 14809, 14810, 14811, 14812, 14813, 15201, 15202, 15203, 15204, 15205, 15206, 15207, 15208, 15209, 15210, 15211, 15212, 15213, 75204, 24826, 75222, 75205, 75211, 75209, 75202, 75228, 75208, 75215, 75229, 75223, 75203, 75230, 75206, 75213, 75201, 75224, 75214, 75225, 75212, 75207, 75226, 75210, 75227, 75221, 75216, 75218, 75220, 75217, 75219]"
1F15224013570WLVX0,"[24801, 24802, 24803, 24804, 24805, 24806, 24807, 24808, 24809, 24810, 24811, 24812, 24813, 24814, 24815, 24816, 24817, 24818, 24819, 24820, 24821, 24822, 24823, 24824, 24825, 14801, 14802, 14803, 14804, 14805, 14806, 14807, 14808, 14809, 14810, 14811, 14812, 14813, 15201, 15202, 15203, 15204, 15205, 15206, 15207, 15208, 15209, 15210, 15211, 15212, 15213, 75204, 24826, 75222, 75205, 75211, 75209, 75202, 75228, 75208, 75215, 75229, 75223, 75203, 75230, 75206, 75213, 75201, 75224, 75214, 75225, 75212, 75207, 75226, 75210, 75227, 75221, 75216, 75218, 75220, 75217, 75219]"
1F15220013540WLVX0,"[24801, 24802, 24803, 24804, 24805, 24806, 24807, 24808, 24809, 24810, 24811, 24812, 24813, 24814, 24815, 24816, 24817, 24818, 24819, 24820, 24821, 24822, 24823, 24824, 24825, 14801, 14802, 14803, 14804, 14805, 14806, 14807, 14808, 14809, 14810, 14811, 14812, 14813, 15201, 15202, 15203, 15204, 15205, 15206, 15207, 15208, 15209, 15210, 15211, 15212, 15213, 75204, 24826, 75222, 75205, 75211, 75209, 75202, 75228, 75208, 75215, 75229, 75223, 75203, 75230, 75206, 75213, 75201, 75224, 75214, 75225, 75212, 75207, 75226, 75210, 75227, 75221, 75216, 75218, 75220, 75217, 75219]"
1325214813075STMX0,"[4401, 4402, 4403, 4404, 4405, 4406, 4407, 4408, 4409, 4411, 4412, 4413, 4414, 4415, 4416, 4417, 4801, 4802, 9001, 9002, 9201, 9202, 9203, 9401, 9402, 9403, 9404, 9405, 9406, 9407, 9408, 9409, 9410, 9411, 9412, 9413, 9414, 9502, 9503, 9504, 9505, 9506, 9507, 24801, 24802, 24803, 24804, 24805, 24806, 24807, 24808, 24809, 24810, 24811, 24812, 24813, 24814, 24815, 24816, 24817, 24818, 24819, 24820, 24821, 24822, 24823, 24824, 24825, 14801, 14802, 14803, 14804, 14805, 14806, 14807, 14808, 14809, 14810, 14811, 14812, 14813, 15201, 15202, 15203, 15204, 15205, 15206, 15207, 15208, 15209, 15210, 15211, 15212, 15213, 54801, 54802, 54803, 54804, 75204, 24826, 75222, 75205, 75211, 75209, 75202, 75228, 75208, 75215, 75229, 75223, 75203, 75230, 75206, 75213, 75201, 75224, 75214, 75225, 75212, 75207, 75226, 75210, 75227, 75221, 75216, 75218, 75220, 75217, 75219]"
1325215813079TUNE6,"[4401, 4402, 4403, 4404, 4405, 4406, 4407, 4408, 4409, 4411, 4412, 4413, 4414, 4415, 4416, 4417, 4801, 4802, 9001, 9002, 9201, 9202, 9203, 9401, 9402, 9403, 9404, 9405, 9406, 9407, 9408, 9409, 9410, 9411, 9412, 9413, 9414, 24801, 24802, 24803, 24804, 24805, 24806, 24807, 24808, 24809, 24810, 24811, 24812, 24813, 24814, 24815, 24816, 24817, 24818, 24819, 24820, 24821, 24822, 24823, 24824, 24825, 14801, 14802, 14803, 14804, 14805, 14806, 14807, 14808, 14809, 14810, 14811, 14812, 14813, 15201, 15202, 15203, 15204, 15205, 15206, 15207, 15208, 15209, 15210, 15211, 15212, 15213, 54801, 54802, 54803, 54804, 75204, 24826, 75222, 75205, 75211, 75209, 75202, 75228, 75208, 75215, 75229, 75223, 75203, 75230, 75206, 75213, 75201, 75224, 75214, 75225, 75212, 75207, 75226, 75210, 75227, 75221, 75216, 75218, 75220, 75217, 75219]"
1D25215013008SXC11,"[24801, 24802, 24803, 24804, 24805, 24806, 24807, 24808, 24809, 24810, 24811, 24812, 24813, 24814, 24815, 24816, 24817, 24818, 24819, 24820, 24821, 24822, 24823, 24824, 24825, 14801, 14802, 14803, 14804, 14805, 14806, 14807, 14808, 14809, 14810, 14811, 14812, 14813, 15201, 15202, 15203, 15204, 15205, 15206, 15207, 15208, 15209, 15210, 15211, 15212, 15213, 75204, 24826, 75222, 75205, 75211, 75209, 75202, 75228, 75208, 75215, 75229, 75223, 75203, 75230, 75206, 75213, 75201, 75224, 75214, 75225, 75212, 75207, 75226, 75210, 75227, 75221, 75216, 75218, 75220, 75217, 75219]"
1325216513077TUHL0,"[4401, 4402, 4403, 4404, 4405, 4406, 4407, 4408, 4409, 4411, 4412, 4413, 4414, 4415, 4416, 4417, 4801, 4802, 9001, 9002, 9201, 9202, 9203, 9401, 9402, 9403, 9404, 9405, 9406, 9407, 9408, 9409, 9410, 9411, 9412, 9413, 9414, 9502, 9503, 9504, 9505, 9506, 9507, 24801, 24802, 24803, 24804, 24805, 24806, 24807, 24808, 24809, 24810, 24811, 24812, 24813, 24814, 24815, 24816, 24817, 24818, 24819, 24820, 24821, 24822, 24823, 24824, 24825, 14801, 14802, 14803, 14804, 14805, 14806, 14807, 14808, 14809, 14810, 14811, 14812, 14813, 15201, 15202, 15203, 15204, 15205, 15206, 15207, 15208, 15209, 15210, 15211, 15212, 15213, 54801, 54802, 54803, 54804, 75204, 24826, 75222, 75205, 75211, 75209, 75202, 75228, 75208, 75215, 75229, 75223, 75203, 75230, 75206, 75213, 75201, 75224, 75214, 75225, 75212, 75207, 75226, 75210, 75227, 75221, 75216, 75218, 75220, 75217, 75219]"
1325217413077HUHL1,"[4401, 4402, 4403, 4404, 4405, 4406, 4407, 4408, 4409, 4411, 4412, 4413, 4414, 4415, 4416, 4417, 4801, 4802, 9001, 9002, 9201, 9202, 9203, 9401, 9402, 9403, 9404, 9405, 9406, 9407, 9408, 9409, 9410, 9411, 9412, 9413, 9414, 24801, 24802, 24803, 24804, 24805, 24806, 24807, 24808, 24809, 24810, 24811, 24812, 24813, 24814, 24815, 24816, 24817, 24818, 24819, 24820, 24821, 24822, 24823, 24824, 24825, 14801, 14802, 14803, 14804, 14805, 14806, 14807, 14808, 14809, 14810, 14811, 14812, 14813, 15201, 15202, 15203, 15204, 15205, 15206, 15207, 15208, 15209, 15210, 15211, 15212, 15213, 54801, 54802, 54803, 54804, 75204, 24826, 75222, 75205, 75211, 75209, 75202, 75228, 75208, 75215, 75229, 75223, 75203, 75230, 75206, 75213, 75201, 75224, 75214, 75225, 75212, 75207, 75226, 75210, 75227, 75221, 75216, 75218, 75220, 75217, 75219]"
1325217613082TUNE0,"[4401, 4402, 4403, 4404, 4405, 4406, 4407, 4408, 4409, 4411, 4412, 4413, 4414, 4415, 4416, 4417, 4801, 4802, 4410, 4901, 4902, 4903, 4904, 4905, 4906, 4907, 4908, 4909, 4910, 4911, 4912, 4916, 4917, 4918, 4919, 4921, 4922, 4923, 4924, 4925, 8601, 8602, 8603, 8604, 8605, 8606, 8701, 8702, 9701, 9702, 9703, 9704, 9001, 9002, 9201, 9202, 9203, 9401, 9402, 9403, 9404, 9405, 9406, 9407, 9408, 9409, 9410, 9411, 9412, 9413, 9414]"
1325217613082TUNE2,"[4401, 4402, 4403, 4404, 4405, 4406, 4407, 4408, 4409, 4411, 4412, 4413, 4414, 4415, 4416, 4417, 4801, 4802, 9001, 9002, 9201, 9202, 9203, 9401, 9402, 9403, 9404, 9405, 9406, 9407, 9408, 9409, 9410, 9411, 9412, 9413, 9414, 9502, 9503, 9504, 9505, 9506, 9507, 24801, 24802, 24803, 24804, 24805, 24806, 24807, 24808, 24809, 24810, 24811, 24812, 24813, 24814, 24815, 24816, 24817, 24818, 24819, 24820, 24821, 24822, 24823, 24824, 24825, 14801, 14802, 14803, 14804, 14805, 14806, 14807, 14808, 14809, 14810, 14811, 14812, 14813, 15201, 15202, 15203, 15204, 15205, 15206, 15207, 15208, 15209, 15210, 15211, 15212, 15213, 54801, 54802, 54803, 54804, 75204, 24826, 75222, 75205, 75211, 75209, 75202, 75228, 75208, 75215, 75229, 75223, 75203, 75230, 75206, 75213, 75201, 75224, 75214, 75225, 75212, 75207, 75226, 75210, 75227, 75221, 75216, 75218, 75220, 75217, 75219]"
1325216614081SVEC0,"[4401, 4402, 4403, 4404, 4405, 4406, 4407, 4408, 4409, 4411, 4412, 4413, 4414, 4415, 4416, 4417, 4801, 4802, 4410, 4901, 4902, 4903, 4904, 4905, 4906, 4907, 4908, 4909, 4910, 4911, 4912, 4916, 4917, 4918, 4919, 4921, 4922, 4923, 4924, 4925, 8601, 8602, 8603, 8604, 8605, 8606, 8701, 8702, 9701, 9702, 9703, 9704, 9001, 9002, 9201, 9202, 9203, 9401, 9402, 9403, 9404, 9405, 9406, 9407, 9408, 9409, 9410, 9411, 9412, 9413, 9414]"
1325217614084HURL0,"[4401, 4402, 4403, 4404, 4405, 4406, 4407, 4408, 4409, 4411, 4412, 4413, 4414, 4415, 4416, 4417, 4801, 4802, 9001, 9002, 9201, 9202, 9203, 9401, 9402, 9403, 9404, 9405, 9406, 9407, 9408, 9409, 9410, 9411, 9412, 9413, 9414, 24801, 24802, 24803, 24804, 24805, 24806, 24807, 24808, 24809, 24810, 24811, 24812, 24813, 24814, 24815, 24816, 24817, 24818, 24819, 24820, 24821, 24822, 24823, 24824, 24825, 14801, 14802, 14803, 14804, 14805, 14806, 14807, 14808, 14809, 14810, 14811, 14812, 14813, 15201, 15202, 15203, 15204, 15205, 15206, 15207, 15208, 15209, 15210, 15211, 15212, 15213, 54801, 54802, 54803, 54804, 75204, 24826, 75222, 75205, 75211, 75209, 75202, 75228, 75208, 75215, 75229, 75223, 75203, 75230, 75206, 75213, 75201, 75224, 75214, 75225, 75212, 75207, 75226, 75210, 75227, 75221, 75216, 75218, 75220, 75217, 75219]"
1325216814085STMX0,"[4401, 4402, 4403, 4404, 4405, 4406, 4407, 4408, 4409, 4411, 4412, 4413, 4414, 4415, 4416, 4417, 4801, 4802, 9001, 9002, 9201, 9202, 9203, 9401, 9402, 9403, 9404, 9405, 9406, 9407, 9408, 9409, 9410, 9411, 9412, 9413, 9414, 9502, 9503, 9504, 9505, 9506, 9507, 24801, 24802, 24803, 24804, 24805, 24806, 24807, 24808, 24809, 24810, 24811, 24812, 24813, 24814, 24815, 24816, 24817, 24818, 24819, 24820, 24821, 24822, 24823, 24824, 24825, 14801, 14802, 14803, 14804, 14805, 14806, 14807, 14808, 14809, 14810, 14811, 14812, 14813, 15201, 15202, 15203, 15204, 15205, 15206, 15207, 15208, 15209, 15210, 15211, 15212, 15213, 54801, 54802, 54803, 54804, 9802, 9803, 9804, 75204, 24826, 75222, 75205, 75211, 75209, 75202, 75228, 75208, 75215, 75229, 75223, 75203, 75230, 75206, 75213, 75201, 75224, 75214, 75225, 75212, 75207, 75226, 75210, 75227, 75221, 75216, 75218, 75220, 75217, 75219]"
1325217514082HURL0,"[4401, 4402, 4403, 4404, 4405, 4406, 4407, 4408, 4409, 4411, 4412, 4413, 4414, 4415, 4416, 4417, 4801, 4802, 9001, 9002, 9201, 9202, 9203, 9401, 9402, 9403, 9404, 9405, 9406, 9407, 9408, 9409, 9410, 9411, 9412, 9413, 9414, 9502, 9503, 9504, 9505, 9506, 9507, 24801, 24802, 24803, 24804, 24805, 24806, 24807, 24808, 24809, 24810, 24811, 24812, 24813, 24814, 24815, 24816, 24817, 24818, 24819, 24820, 24821, 24822, 24823, 24824, 24825, 14801, 14802, 14803, 14804, 14805, 14806, 14807, 14808, 14809, 14810, 14811, 14812, 14813, 15201, 15202, 15203, 15204, 15205, 15206, 15207, 15208, 15209, 15210, 15211, 15212, 15213, 54801, 54802, 54803, 54804, 75204, 24826, 75222, 75205, 75211, 75209, 75202, 75228, 75208, 75215, 75229, 75223, 75203, 75230, 75206, 75213, 75201, 75224, 75214, 75225, 75212, 75207, 75226, 75210, 75227, 75221, 75216, 75218, 75220, 75217, 75219]"
1325217514082HURL1,"[4401, 4402, 4403, 4404, 4405, 4406, 4407, 4408, 4409, 4411, 4412, 4413, 4414, 4415, 4416, 4417, 4801, 4802, 9001, 9002, 9201, 9202, 9203, 9401, 9402, 9403, 9404, 9405, 9406, 9407, 9408, 9409, 9410, 9411, 9412, 9413, 9414, 9502, 9503, 9504, 9505, 9506, 9507, 24801, 24802, 24803, 24804, 24805, 24806, 24807, 24808, 24809, 24810, 24811, 24812, 24813, 24814, 24815, 24816, 24817, 24818, 24819, 24820, 24821, 24822, 24823, 24824, 24825, 14801, 14802, 14803, 14804, 14805, 14806, 14807, 14808, 14809, 14810, 14811, 14812, 14813, 15201, 15202, 15203, 15204, 15205, 15206, 15207, 15208, 15209, 15210, 15211, 15212, 15213, 54801, 54802, 54803, 54804, 75204, 24826, 75222, 75205, 75211, 75209, 75202, 75228, 75208, 75215, 75229, 75223, 75203, 75230, 75206, 75213, 75201, 75224, 75214, 75225, 75212, 75207, 75226, 75210, 75227, 75221, 75216, 75218, 75220, 75217, 75219]"
1325217514082TTMX0,"[4401, 4402, 4403, 4404, 4405, 4406, 4407, 4408, 4409, 4411, 4412, 4413, 4414, 4415, 4416, 4417, 4801, 4802, 9001, 9002, 9201, 9202, 9203, 9401, 9402, 9403, 9404, 9405, 9406, 9407, 9408, 9409, 9410, 9411, 9412, 9413, 9414, 9502, 9503, 9504, 9505, 9506, 9507, 24801, 24802, 24803, 24804, 24805, 24806, 24807, 24808, 24809, 24810, 24811, 24812, 24813, 24814, 24815, 24816, 24817, 24818, 24819, 24820, 24821, 24822, 24823, 24824, 24825, 14801, 14802, 14803, 14804, 14805, 14806, 14807, 14808, 14809, 14810, 14811, 14812, 14813, 15201, 15202, 15203, 15204, 15205, 15206, 15207, 15208, 15209, 15210, 15211, 15212, 15213, 54801, 54802, 54803, 54804, 9802, 9803, 9804, 75204, 24826, 75222, 75205, 75211, 75209, 75202, 75228, 75208, 75215, 75229, 75223, 75203, 75230, 75206, 75213, 75201, 75224, 75214, 75225, 75212, 75207, 75226, 75210, 75227, 75221, 75216, 75218, 75220, 75217, 75219]"
1325217614084HURL2,"[24801, 24802, 24803, 24804, 24805, 24806, 24807, 24808, 24809, 24810, 24811, 24812, 24813, 24814, 24815, 24816, 24817, 24818, 24819, 24820, 24821, 24822, 24823, 24824, 24825, 14801, 14802, 14803, 14804, 14805, 14806, 14807, 14808, 14809, 14810, 14811, 14812, 14813, 15201, 15202, 15203, 15204, 15205, 15206, 15207, 15208, 15209, 15210, 15211, 15212, 15213, 75204, 24826, 75222, 75205, 75211, 75209, 75202, 75228, 75208, 75215, 75229, 75223, 75203, 75230, 75206, 75213, 75201, 75224, 75214, 75225, 75212, 75207, 75226, 75210, 75227, 75221, 75216, 75218, 75220, 75217, 75219]"
1325218414082HUSP0,"[4401, 4402, 4403, 4404, 4405, 4406, 4407, 4408, 4409, 4411, 4412, 4413, 4414, 4415, 4416, 4417, 4801, 4802, 9001, 9002, 9201, 9202, 9203, 9401, 9402, 9403, 9404, 9405, 9406, 9407, 9408, 9409, 9410, 9411, 9412, 9413, 9414, 9502, 9503, 9504, 9505, 9506, 9507, 24801, 24802, 24803, 24804, 24805, 24806, 24807, 24808, 24809, 24810, 24811, 24812, 24813, 24814, 24815, 24816, 24817, 24818, 24819, 24820, 24821, 24822, 24823, 24824, 24825, 14801, 14802, 14803, 14804, 14805, 14806, 14807, 14808, 14809, 14810, 14811, 14812, 14813, 15201, 15202, 15203, 15204, 15205, 15206, 15207, 15208, 15209, 15210, 15211, 15212, 15213, 54801, 54802, 54803, 54804, 75204, 24826, 75222, 75205, 75211, 75209, 75202, 75228, 75208, 75215, 75229, 75223, 75203, 75230, 75206, 75213, 75201, 75224, 75214, 75225, 75212, 75207, 75226, 75210, 75227, 75221, 75216, 75218, 75220, 75217, 75219]"
1325218614088HURL0,"[4401, 4402, 4403, 4404, 4405, 4406, 4407, 4408, 4409, 4411, 4412, 4413, 4414, 4415, 4416, 4417, 4801, 4802, 9001, 9002, 9201, 9202, 9203, 9401, 9402, 9403, 9404, 9405, 9406, 9407, 9408, 9409, 9410, 9411, 9412, 9413, 9414, 9502, 9503, 9504, 9505, 9506, 9507, 24801, 24802, 24803, 24804, 24805, 24806, 24807, 24808, 24809, 24810, 24811, 24812, 24813, 24814, 24815, 24816, 24817, 24818, 24819, 24820, 24821, 24822, 24823, 24824, 24825, 14801, 14802, 14803, 14804, 14805, 14806, 14807, 14808, 14809, 14810, 14811, 14812, 14813, 15201, 15202, 15203, 15204, 15205, 15206, 15207, 15208, 15209, 15210, 15211, 15212, 15213, 75204, 24826, 75222, 75205, 75211, 75209, 75202, 75228, 75208, 75215, 75229, 75223, 75203, 75230, 75206, 75213, 75201, 75224, 75214, 75225, 75212, 75207, 75226, 75210, 75227, 75221, 75216, 75218, 75220, 75217, 75219]"
1325218614088HURL1,"[4401, 4402, 4403, 4404, 4405, 4406, 4407, 4408, 4409, 4411, 4412, 4413, 4414, 4415, 4416, 4417, 4801, 4802, 9001, 9002, 9201, 9202, 9203, 9401, 9402, 9403, 9404, 9405, 9406, 9407, 9408, 9409, 9410, 9411, 9412, 9413, 9414, 9502, 9503, 9504, 9505, 9506, 9507, 24801, 24802, 24803, 24804, 24805, 24806, 24807, 24808, 24809, 24810, 24811, 24812, 24813, 24814, 24815, 24816, 24817, 24818, 24819, 24820, 24821, 24822, 24823, 24824, 24825, 14801, 14802, 14803, 14804, 14805, 14806, 14807, 14808, 14809, 14810, 14811, 14812, 14813, 15201, 15202, 15203, 15204, 15205, 15206, 15207, 15208, 15209, 15210, 15211, 15212, 15213, 75204, 24826, 75222, 75205, 75211, 75209, 75202, 75228, 75208, 75215, 75229, 75223, 75203, 75230, 75206, 75213, 75201, 75224, 75214, 75225, 75212, 75207, 75226, 75210, 75227, 75221, 75216, 75218, 75220, 75217, 75219]"
1325217614084HURL1,"[4401, 4402, 4403, 4404, 4405, 4406, 4407, 4408, 4409, 4411, 4412, 4413, 4414, 4415, 4416, 4417, 4801, 4802, 9001, 9002, 9201, 9202, 9203, 9401, 9402, 9403, 9404, 9405, 9406, 9407, 9408, 9409, 9410, 9411, 9412, 9413, 9414, 9502, 9503, 9504, 9505, 9506, 9507, 24801, 24802, 24803, 24804, 24805, 24806, 24807, 24808, 24809, 24810, 24811, 24812, 24813, 24814, 24815, 24816, 24817, 24818, 24819, 24820, 24821, 24822, 24823, 24824, 24825, 14801, 14802, 14803, 14804, 14805, 14806, 14807, 14808, 14809, 14810, 14811, 14812, 14813, 15201, 15202, 15203, 15204, 15205, 15206, 15207, 15208, 15209, 15210, 15211, 15212, 15213, 75204, 24826, 75222, 75205, 75211, 75209, 75202, 75228, 75208, 75215, 75229, 75223, 75203, 75230, 75206, 75213, 75201, 75224, 75214, 75225, 75212, 75207, 75226, 75210, 75227, 75221, 75216, 75218, 75220, 75217, 75219]"
1325119614095SU210,"[4401, 4402, 4403, 4404, 4405, 4406, 4407, 4408, 4409, 4411, 4412, 4413, 4414, 4415, 4416, 4417, 4801, 4802, 4410, 4901, 4902, 4903, 4904, 4905, 4906, 4907, 4908, 4909, 4910, 4911, 4912, 4916, 4917, 4918, 4919, 4921, 4922, 4923, 4924, 4925, 8601, 8602, 8603, 8604, 8605, 8606, 8701, 8702, 9701, 9702, 9703, 9704, 9001, 9002, 9201, 9202, 9203, 9401, 9402, 9403, 9404, 9405, 9406, 9407, 9408, 9409, 9410, 9411, 9412, 9413, 9414]"
1325219614095SU210,"[4401, 4402, 4403, 4404, 4405, 4406, 4407, 4408, 4409, 4411, 4412, 4413, 4414, 4415, 4416, 4417, 4801, 4802, 4410, 4901, 4902, 4903, 4904, 4905, 4906, 4907, 4908, 4909, 4910, 4911, 4912, 4916, 4917, 4918, 4919, 4921, 4922, 4923, 4924, 4925, 8601, 8602, 8603, 8604, 8605, 8606, 8701, 8702, 9701, 9702, 9703, 9704, 9001, 9002, 9201, 9202, 9203, 9401, 9402, 9403, 9404, 9405, 9406, 9407, 9408, 9409, 9410, 9411, 9412, 9413, 9414]"
1325219614091SBRT0,"[4401, 4402, 4403, 4404, 4405, 4406, 4407, 4408, 4409, 4411, 4412, 4413, 4414, 4415, 4416, 4417, 4801, 4802, 4410, 4901, 4902, 4903, 4904, 4905, 4906, 4907, 4908, 4909, 4910, 4911, 4912, 4916, 4917, 4918, 4919, 4921, 4922, 4923, 4924, 4925, 8601, 8602, 8603, 8604, 8605, 8606, 8701, 8702, 9701, 9702, 9703, 9704, 9001, 9002, 9201, 9202, 9203, 9401, 9402, 9403, 9404, 9405, 9406, 9407, 9408, 9409, 9410, 9411, 9412, 9413, 9414]"
1225121Z14112LSTL0,"[4401, 4402, 4403, 4404, 4405, 4406, 4407, 4408, 4409, 4411, 4412, 4413, 4414, 4415, 4416, 4417, 4801, 4802, 4410, 4901, 4902, 4903, 4904, 4905, 4906, 4907, 4908, 4909, 4910, 4911, 4912, 4916, 4917, 4918, 4919, 4921, 4922, 4923, 4924, 4925, 8601, 8602, 8603, 8604, 8605, 8606, 8701, 8702, 9701, 9702, 9703, 9704, 9001, 9002, 9201, 9202, 9203, 9401, 9402, 9403, 9404, 9405, 9406, 9407, 9408, 9409, 9410, 9411, 9412, 9413, 9414]"
1325217514082TVEC0,"[4401, 4402, 4403, 4404, 4405, 4406, 4407, 4408, 4409, 4411, 4412, 4413, 4414, 4415, 4416, 4417, 4801, 4802, 4410, 4901, 4902, 4903, 4904, 4905, 4906, 4907, 4908, 4909, 4910, 4911, 4912, 4916, 4917, 4918, 4919, 4921, 4922, 4923, 4924, 4925, 8601, 8602, 8603, 8604, 8605, 8606, 8701, 8702, 9701, 9702, 9703, 9704, 4913, 4914, 4915, 4920, 9001, 9002, 9201, 9202, 9203, 9401, 9402, 9403, 9404, 9405, 9406, 9407, 9408, 9409, 9410, 9411, 9412, 9413, 9414]"
1325217514082TVECR,"[4401, 4402, 4403, 4404, 4405, 4406, 4407, 4408, 4409, 4411, 4412, 4413, 4414, 4415, 4416, 4417, 4801, 4802, 4410, 4901, 4902, 4903, 4904, 4905, 4906, 4907, 4908, 4909, 4910, 4911, 4912, 4916, 4917, 4918, 4919, 4921, 4922, 4923, 4924, 4925, 8601, 8602, 8603, 8604, 8605, 8606, 8701, 8702, 9701, 9702, 9703, 9704, 4913, 4914, 4915, 4920, 9001, 9002, 9201, 9202, 9203, 9401, 9402, 9403, 9404, 9405, 9406, 9407, 9408, 9409, 9410, 9411, 9412, 9413, 9414]"
1325217514082TVECH,"[4401, 4402, 4403, 4404, 4405, 4406, 4407, 4408, 4409, 4411, 4412, 4413, 4414, 4415, 4416, 4417, 4801, 4802, 4410, 4901, 4902, 4903, 4904, 4905, 4906, 4907, 4908, 4909, 4910, 4911, 4912, 4916, 4917, 4918, 4919, 4921, 4922, 4923, 4924, 4925, 8601, 8602, 8603, 8604, 8605, 8606, 8701, 8702, 9701, 9702, 9703, 9704, 9001, 9002, 9201, 9202, 9203, 9401, 9402, 9403, 9404, 9405, 9406, 9407, 9408, 9409, 9410, 9411, 9412, 9413, 9414]"
1325216614081SVECE,"[4401, 4402, 4403, 4404, 4405, 4406, 4407, 4408, 4409, 4411, 4412, 4413, 4414, 4415, 4416, 4417, 4801, 4802, 4410, 4901, 4902, 4903, 4904, 4905, 4906, 4907, 4908, 4909, 4910, 4911, 4912, 4916, 4917, 4918, 4919, 4921, 4922, 4923, 4924, 4925, 8601, 8602, 8603, 8604, 8605, 8606, 8701, 8702, 9701, 9702, 9703, 9704, 9001, 9002, 9201, 9202, 9203, 9401, 9402, 9403, 9404, 9405, 9406, 9407, 9408, 9409, 9410, 9411, 9412, 9413, 9414]"
1325216814085TURL0,"[4401, 4402, 4403, 4404, 4405, 4406, 4407, 4408, 4409, 4411, 4412, 4413, 4414, 4415, 4416, 4417, 4801, 4802, 9001, 9002, 9201, 9202, 9203, 9401, 9402, 9403, 9404, 9405, 9406, 9407, 9408, 9409, 9410, 9411, 9412, 9413, 9414, 24801, 24802, 24803, 24804, 24805, 24806, 24807, 24808, 24809, 24810, 24811, 24812, 24813, 24814, 24815, 24816, 24817, 24818, 24819, 24820, 24821, 24822, 24823, 24824, 24825, 14801, 14802, 14803, 14804, 14805, 14806, 14807, 14808, 14809, 14810, 14811, 14812, 14813, 15201, 15202, 15203, 15204, 15205, 15206, 15207, 15208, 15209, 15210, 15211, 15212, 15213, 75204, 24826, 75222, 75205, 75211, 75209, 75202, 75228, 75208, 75215, 75229, 75223, 75203, 75230, 75206, 75213, 75201, 75224, 75214, 75225, 75212, 75207, 75226, 75210, 75227, 75221, 75216, 75218, 75220, 75217, 75219]"
1325216614081TVECE,"[4401, 4402, 4403, 4404, 4405, 4406, 4407, 4408, 4409, 4411, 4412, 4413, 4414, 4415, 4416, 4417, 4801, 4802, 4410, 4901, 4902, 4903, 4904, 4905, 4906, 4907, 4908, 4909, 4910, 4911, 4912, 4916, 4917, 4918, 4919, 4921, 4922, 4923, 4924, 4925, 8601, 8602, 8603, 8604, 8605, 8606, 8701, 8702, 9701, 9702, 9703, 9704, 9001, 9002, 9201, 9202, 9203, 9401, 9402, 9403, 9404, 9405, 9406, 9407, 9408, 9409, 9410, 9411, 9412, 9413, 9414]"
1325217514082HVEC0,"[4401, 4402, 4403, 4404, 4405, 4406, 4407, 4408, 4409, 4411, 4412, 4413, 4414, 4415, 4416, 4417, 4801, 4802, 4410, 4901, 4902, 4903, 4904, 4905, 4906, 4907, 4908, 4909, 4910, 4911, 4912, 4916, 4917, 4918, 4919, 4921, 4922, 4923, 4924, 4925, 8601, 8602, 8603, 8604, 8605, 8606, 8701, 8702, 9701, 9702, 9703, 9704, 4913, 4914, 4915, 4920, 9001, 9002, 9201, 9202, 9203, 9401, 9402, 9403, 9404, 9405, 9406, 9407, 9408, 9409, 9410, 9411, 9412, 9413, 9414]"
1325217614084TVECE,"[4401, 4402, 4403, 4404, 4405, 4406, 4407, 4408, 4409, 4411, 4412, 4413, 4414, 4415, 4416, 4417, 4801, 4802, 4410, 4901, 4902, 4903, 4904, 4905, 4906, 4907, 4908, 4909, 4910, 4911, 4912, 4916, 4917, 4918, 4919, 4921, 4922, 4923, 4924, 4925, 8601, 8602, 8603, 8604, 8605, 8606, 8701, 8702, 9701, 9702, 9703, 9704, 4913, 4914, 4915, 4920, 9001, 9002, 9201, 9202, 9203, 9401, 9402, 9403, 9404, 9405, 9406, 9407, 9408, 9409, 9410, 9411, 9412, 9413, 9414]"
1325219414086VZEP0,"[4401, 4402, 4403, 4404, 4405, 4406, 4407, 4408, 4409, 4411, 4412, 4413, 4414, 4415, 4416, 4417, 4801, 4802, 9001, 9002, 9201, 9202, 9203, 9401, 9402, 9403, 9404, 9405, 9406, 9407, 9408, 9409, 9410, 9411, 9412, 9413, 9414, 9502, 9503, 9504, 9505, 9506, 9507]"
1325217514082HURP0,"[4401, 4402, 4403, 4404, 4405, 4406, 4407, 4408, 4409, 4411, 4412, 4413, 4414, 4415, 4416, 4417, 4801, 4802, 9001, 9002, 9201, 9202, 9203, 9401, 9402, 9403, 9404, 9405, 9406, 9407, 9408, 9409, 9410, 9411, 9412, 9413, 9414, 9502, 9503, 9504, 9505, 9506, 9507, 24801, 24802, 24803, 24804, 24805, 24806, 24807, 24808, 24809, 24810, 24811, 24812, 24813, 24814, 24815, 24816, 24817, 24818, 24819, 24820, 24821, 24822, 24823, 24824, 24825, 14801, 14802, 14803, 14804, 14805, 14806, 14807, 14808, 14809, 14810, 14811, 14812, 14813, 15201, 15202, 15203, 15204, 15205, 15206, 15207, 15208, 15209, 15210, 15211, 15212, 15213, 75204, 24826, 75222, 75205, 75211, 75209, 75202, 75228, 75208, 75215, 75229, 75223, 75203, 75230, 75206, 75213, 75201, 75224, 75214, 75225, 75212, 75207, 75226, 75210, 75227, 75221, 75216, 75218, 75220, 75217, 75219]"
1325216814085TURLT,"[4401, 4402, 4403, 4404, 4405, 4406, 4407, 4408, 4409, 4411, 4412, 4413, 4414, 4415, 4416, 4417, 4801, 4802, 9001, 9002, 9201, 9202, 9203, 9401, 9402, 9403, 9404, 9405, 9406, 9407, 9408, 9409, 9410, 9411, 9412, 9413, 9414, 24801, 24802, 24803, 24804, 24805, 24806, 24807, 24808, 24809, 24810, 24811, 24812, 24813, 24814, 24815, 24816, 24817, 24818, 24819, 24820, 24821, 24822, 24823, 24824, 24825, 14801, 14802, 14803, 14804, 14805, 14806, 14807, 14808, 14809, 14810, 14811, 14812, 14813, 15201, 15202, 15203, 15204, 15205, 15206, 15207, 15208, 15209, 15210, 15211, 15212, 15213, 75204, 24826, 75222, 75205, 75211, 75209, 75202, 75228, 75208, 75215, 75229, 75223, 75203, 75230, 75206, 75213, 75201, 75224, 75214, 75225, 75212, 75207, 75226, 75210, 75227, 75221, 75216, 75218, 75220, 75217, 75219]"
1325217614084TVECL,"[4401, 4402, 4403, 4404, 4405, 4406, 4407, 4408, 4409, 4411, 4412, 4413, 4414, 4415, 4416, 4417, 4801, 4802, 4410, 4901, 4902, 4903, 4904, 4905, 4906, 4907, 4908, 4909, 4910, 4911, 4912, 4916, 4917, 4918, 4919, 4921, 4922, 4923, 4924, 4925, 8601, 8602, 8603, 8604, 8605, 8606, 8701, 8702, 9701, 9702, 9703, 9704, 4913, 4914, 4915, 4920, 9001, 9002, 9201, 9202, 9203, 9401, 9402, 9403, 9404, 9405, 9406, 9407, 9408, 9409, 9410, 9411, 9412, 9413, 9414]"
1325217514082TVECL,"[4401, 4402, 4403, 4404, 4405, 4406, 4407, 4408, 4409, 4411, 4412, 4413, 4414, 4415, 4416, 4417, 4801, 4802, 4410, 4901, 4902, 4903, 4904, 4905, 4906, 4907, 4908, 4909, 4910, 4911, 4912, 4916, 4917, 4918, 4919, 4921, 4922, 4923, 4924, 4925, 8601, 8602, 8603, 8604, 8605, 8606, 8701, 8702, 9701, 9702, 9703, 9704, 4913, 4914, 4915, 4920, 9001, 9002, 9201, 9202, 9203, 9401, 9402, 9403, 9404, 9405, 9406, 9407, 9408, 9409, 9410, 9411, 9412, 9413, 9414]"
1325217514082HVECL,"[4401, 4402, 4403, 4404, 4405, 4406, 4407, 4408, 4409, 4411, 4412, 4413, 4414, 4415, 4416, 4417, 4801, 4802, 4410, 4901, 4902, 4903, 4904, 4905, 4906, 4907, 4908, 4909, 4910, 4911, 4912, 4916, 4917, 4918, 4919, 4921, 4922, 4923, 4924, 4925, 8601, 8602, 8603, 8604, 8605, 8606, 8701, 8702, 9701, 9702, 9703, 9704, 4913, 4914, 4915, 4920, 9001, 9002, 9201, 9202, 9203, 9401, 9402, 9403, 9404, 9405, 9406, 9407, 9408, 9409, 9410, 9411, 9412, 9413, 9414]"
1D25218014012QSTL0,"[4413, 4414, 4415, 4416, 4417, 4801, 4802, 9001, 9002, 9201, 9202, 9203, 9401, 9402, 9403, 9404, 9405, 9406, 9407, 9408, 9409, 9410, 9411, 9412, 9413, 9414]"
1D25218014012NSTL0,"[4413, 4414, 4415, 4416, 4417, 4801, 4802, 9001, 9002, 9201, 9202, 9203, 9401, 9402, 9403, 9404, 9405, 9406, 9407, 9408, 9409, 9410, 9411, 9412, 9413, 9414]"
1325216814085SUTR0,"[24801, 24802, 24803, 24804, 24805, 24806, 24807, 24808, 24809, 24810, 24811, 24812, 24813, 24814, 24815, 24816, 24817, 24818, 24819, 24820, 24821, 24822, 24823, 24824, 24825, 14801, 14802, 14803, 14804, 14805, 14806, 14807, 14808, 14809, 14810, 14811, 14812, 14813, 15201, 15202, 15203, 15204, 15205, 15206, 15207, 15208, 15209, 15210, 15211, 15212, 15213, 75204, 24826, 75222, 75205, 75211, 75209, 75202, 75228, 75208, 75215, 75229, 75223, 75203, 75230, 75206, 75213, 75201, 75224, 75214, 75225, 75212, 75207, 75226, 75210, 75227, 75221, 75216, 75218, 75220, 75217, 75219]"
1325216514079TTMX0,"[24801, 24802, 24803, 24804, 24805, 24806, 24807, 24808, 24809, 24810, 24811, 24812, 24813, 24814, 24815, 24816, 24817, 24818, 24819, 24820, 24821, 24822, 24823, 24824, 24825, 14801, 14802, 14803, 14804, 14805, 14806, 14807, 14808, 14809, 14810, 14811, 14812, 14813, 15201, 15202, 15203, 15204, 15205, 15206, 15207, 15208, 15209, 15210, 15211, 15212, 15213, 75204, 24826, 75222, 75205, 75211, 75209, 75202, 75228, 75208, 75215, 75229, 75223, 75203, 75230, 75206, 75213, 75201, 75224, 75214, 75225, 75212, 75207, 75226, 75210, 75227, 75221, 75216, 75218, 75220, 75217, 75219]"
1D25218014010NSTL0,"[4413, 4414, 4415, 4416, 4417, 4801, 4802, 9001, 9002, 9201, 9202, 9203, 9401, 9402, 9403, 9404, 9405, 9406, 9407, 9408, 9409, 9410, 9411, 9412, 9413, 9414]"
1325217514082TUTR0,"[4401, 4402, 4403, 4404, 4405, 4406, 4407, 4408, 4409, 4411, 4412, 4413, 4414, 4415, 4416, 4417, 4801, 4802, 9001, 9002, 9201, 9202, 9203, 9401, 9402, 9403, 9404, 9405, 9406, 9407, 9408, 9409, 9410, 9411, 9412, 9413, 9414, 24801, 24802, 24803, 24804, 24805, 24806, 24807, 24808, 24809, 24810, 24811, 24812, 24813, 24814, 24815, 24816, 24817, 24818, 24819, 24820, 24821, 24822, 24823, 24824, 24825, 14801, 14802, 14803, 14804, 14805, 14806, 14807, 14808, 14809, 14810, 14811, 14812, 14813, 15201, 15202, 15203, 15204, 15205, 15206, 15207, 15208, 15209, 15210, 15211, 15212, 15213, 75204, 24826, 75222, 75205, 75211, 75209, 75202, 75228, 75208, 75215, 75229, 75223, 75203, 75230, 75206, 75213, 75201, 75224, 75214, 75225, 75212, 75207, 75226, 75210, 75227, 75221, 75216, 75218, 75220, 75217, 75219]"
1325216614081STMX0,"[24801, 24802, 24803, 24804, 24805, 24806, 24807, 24808, 24809, 24810, 24811, 24812, 24813, 24814, 24815, 24816, 24817, 24818, 24819, 24820, 24821, 24822, 24823, 24824, 24825, 14801, 14802, 14803, 14804, 14805, 14806, 14807, 14808, 14809, 14810, 14811, 14812, 14813, 15201, 15202, 15203, 15204, 15205, 15206, 15207, 15208, 15209, 15210, 15211, 15212, 15213, 54801, 54802, 54803, 54804, 75204, 24826, 75222, 75205, 75211, 75209, 75202, 75228, 75208, 75215, 75229, 75223, 75203, 75230, 75206, 75213, 75201, 75224, 75214, 75225, 75212, 75207, 75226, 75210, 75227, 75221, 75216, 75218, 75220, 75217, 75219]"
1325218514086HURL0,"[24801, 24802, 24803, 24804, 24805, 24806, 24807, 24808, 24809, 24810, 24811, 24812, 24813, 24814, 24815, 24816, 24817, 24818, 24819, 24820, 24821, 24822, 24823, 24824, 24825, 14801, 14802, 14803, 14804, 14805, 14806, 14807, 14808, 14809, 14810, 14811, 14812, 14813, 15201, 15202, 15203, 15204, 15205, 15206, 15207, 15208, 15209, 15210, 15211, 15212, 15213, 75204, 24826, 75222, 75205, 75211, 75209, 75202, 75228, 75208, 75215, 75229, 75223, 75203, 75230, 75206, 75213, 75201, 75224, 75214, 75225, 75212, 75207, 75226, 75210, 75227, 75221, 75216, 75218, 75220, 75217, 75219]"
1325216614081SUTR0,"[24801, 24802, 24803, 24804, 24805, 24806, 24807, 24808, 24809, 24810, 24811, 24812, 24813, 24814, 24815, 24816, 24817, 24818, 24819, 24820, 24821, 24822, 24823, 24824, 24825, 14801, 14802, 14803, 14804, 14805, 14806, 14807, 14808, 14809, 14810, 14811, 14812, 14813, 15201, 15202, 15203, 15204, 15205, 15206, 15207, 15208, 15209, 15210, 15211, 15212, 15213, 54801, 54802, 54803, 54804, 75204, 24826, 75222, 75205, 75211, 75209, 75202, 75228, 75208, 75215, 75229, 75223, 75203, 75230, 75206, 75213, 75201, 75224, 75214, 75225, 75212, 75207, 75226, 75210, 75227, 75221, 75216, 75218, 75220, 75217, 75219]"
1325218614088TVECE,"[24801, 24802, 24803, 24804, 24805, 24806, 24807, 24808, 24809, 24810, 24811, 24812, 24813, 24814, 24815, 24816, 24817, 24818, 24819, 24820, 24821, 24822, 24823, 24824, 24825, 14801, 14802, 14803, 14804, 14805, 14806, 14807, 14808, 14809, 14810, 14811, 14812, 14813, 15201, 15202, 15203, 15204, 15205, 15206, 15207, 15208, 15209, 15210, 15211, 15212, 15213, 75204, 24826, 75222, 75205, 75211, 75209, 75202, 75228, 75208, 75215, 75229, 75223, 75203, 75230, 75206, 75213, 75201, 75224, 75214, 75225, 75212, 75207, 75226, 75210, 75227, 75221, 75216, 75218, 75220, 75217, 75219]"
1325216814085TURS0,"[24801, 24802, 24803, 24804, 24805, 24806, 24807, 24808, 24809, 24810, 24811, 24812, 24813, 24814, 24815, 24816, 24817, 24818, 24819, 24820, 24821, 24822, 24823, 24824, 24825, 14801, 14802, 14803, 14804, 14805, 14806, 14807, 14808, 14809, 14810, 14811, 14812, 14813, 15201, 15202, 15203, 15204, 15205, 15206, 15207, 15208, 15209, 15210, 15211, 15212, 15213, 75204, 24826, 75222, 75205, 75211, 75209, 75202, 75228, 75208, 75215, 75229, 75223, 75203, 75230, 75206, 75213, 75201, 75224, 75214, 75225, 75212, 75207, 75226, 75210, 75227, 75221, 75216, 75218, 75220, 75217, 75219]"
1325217514082HURL2,"[24801, 24802, 24803, 24804, 24805, 24806, 24807, 24808, 24809, 24810, 24811, 24812, 24813, 24814, 24815, 24816, 24817, 24818, 24819, 24820, 24821, 24822, 24823, 24824, 24825, 14801, 14802, 14803, 14804, 14805, 14806, 14807, 14808, 14809, 14810, 14811, 14812, 14813, 15201, 15202, 15203, 15204, 15205, 15206, 15207, 15208, 15209, 15210, 15211, 15212, 15213, 75204, 24826, 75222, 75205, 75211, 75209, 75202, 75228, 75208, 75215, 75229, 75223, 75203, 75230, 75206, 75213, 75201, 75224, 75214, 75225, 75212, 75207, 75226, 75210, 75227, 75221, 75216, 75218, 75220, 75217, 75219]"
1325217415081HUTR0,"[24801, 24802, 24803, 24804, 24805, 24806, 24807, 24808, 24809, 24810, 24811, 24812, 24813, 24814, 24815, 24816, 24817, 24818, 24819, 24820, 24821, 24822, 24823, 24824, 24825, 14801, 14802, 14803, 14804, 14805, 14806, 14807, 14808, 14809, 14810, 14811, 14812, 14813, 15201, 15202, 15203, 15204, 15205, 15206, 15207, 15208, 15209, 15210, 15211, 15212, 15213, 75204, 24826, 75222, 75205, 75211, 75209, 75202, 75228, 75208, 75215, 75229, 75223, 75203, 75230, 75206, 75213, 75201, 75224, 75214, 75225, 75212, 75207, 75226, 75210, 75227, 75221, 75216, 75218, 75220, 75217, 75219]"
1325213615099MSXT0,"[4401, 4402, 4403, 4404, 4405, 4406, 4407, 4408, 4409, 4411, 4412, 4413, 4414, 4415, 4416, 4417, 4801, 4802, 4410, 4901, 4902, 4903, 4904, 4905, 4906, 4907, 4908, 4909, 4910, 4911, 4912, 4916, 4917, 4918, 4919, 4921, 4922, 4923, 4924, 4925, 8601, 8602, 8603, 8604, 8605, 8606, 8701, 8702, 9701, 9702, 9703, 9704, 4913, 4914, 4915, 4920, 9001, 9002, 9201, 9202, 9203, 9401, 9402, 9403, 9404, 9405, 9406, 9407, 9408, 9409, 9410, 9411, 9412, 9413, 9414]"
1325218515088HURL0,"[4413, 4414, 4415, 4416, 4417, 4801, 4802, 9001, 9002, 9201, 9202, 9203, 9401, 9402, 9403, 9404, 9405, 9406, 9407, 9408, 9409, 9410, 9411, 9412, 9413, 9414, 24801, 24802, 24803, 24804, 24805, 24806, 24807, 24808, 24809, 24810, 24811, 24812, 24813, 24814, 24815, 24816, 24817, 24818, 24819, 24820, 24821, 24822, 24823, 24824, 24825, 14801, 14802, 14803, 14804, 14805, 14806, 14807, 14808, 14809, 14810, 14811, 14812, 14813, 15201, 15202, 15203, 15204, 15205, 15206, 15207, 15208, 15209, 15210, 15211, 15212, 15213, 75204, 24826, 75222, 75205, 75211, 75209, 75202, 75228, 75208, 75215, 75229, 75223, 75203, 75230, 75206, 75213, 75201, 75224, 75214, 75225, 75212, 75207, 75226, 75210, 75227, 75221, 75216, 75218, 75220, 75217, 75219]"
1325218515088SURL0,"[4413, 4414, 4415, 4416, 4417, 4801, 4802, 9001, 9002, 9201, 9202, 9203, 9401, 9402, 9403, 9404, 9405, 9406, 9407, 9408, 9409, 9410, 9411, 9412, 9413, 9414, 24801, 24802, 24803, 24804, 24805, 24806, 24807, 24808, 24809, 24810, 24811, 24812, 24813, 24814, 24815, 24816, 24817, 24818, 24819, 24820, 24821, 24822, 24823, 24824, 24825, 14801, 14802, 14803, 14804, 14805, 14806, 14807, 14808, 14809, 14810, 14811, 14812, 14813, 15201, 15202, 15203, 15204, 15205, 15206, 15207, 15208, 15209, 15210, 15211, 15212, 15213, 75204, 24826, 75222, 75205, 75211, 75209, 75202, 75228, 75208, 75215, 75229, 75223, 75203, 75230, 75206, 75213, 75201, 75224, 75214, 75225, 75212, 75207, 75226, 75210, 75227, 75221, 75216, 75218, 75220, 75217, 75219]"
1325217515084HURL0,"[4413, 4414, 4415, 4416, 4417, 4801, 4802, 9001, 9002, 9201, 9202, 9203, 9401, 9402, 9403, 9404, 9405, 9406, 9407, 9408, 9409, 9410, 9411, 9412, 9413, 9414, 24801, 24802, 24803, 24804, 24805, 24806, 24807, 24808, 24809, 24810, 24811, 24812, 24813, 24814, 24815, 24816, 24817, 24818, 24819, 24820, 24821, 24822, 24823, 24824, 24825, 14801, 14802, 14803, 14804, 14805, 14806, 14807, 14808, 14809, 14810, 14811, 14812, 14813, 15201, 15202, 15203, 15204, 15205, 15206, 15207, 15208, 15209, 15210, 15211, 15212, 15213, 54801, 54802, 54803, 54804, 75204, 24826, 75222, 75205, 75211, 75209, 75202, 75228, 75208, 75215, 75229, 75223, 75203, 75230, 75206, 75213, 75201, 75224, 75214, 75225, 75212, 75207, 75226, 75210, 75227, 75221, 75216, 75218, 75220, 75217, 75219]"
1325217515084HURL1,"[4413, 4414, 4415, 4416, 4417, 4801, 4802, 9001, 9002, 9201, 9202, 9203, 9401, 9402, 9403, 9404, 9405, 9406, 9407, 9408, 9409, 9410, 9411, 9412, 9413, 9414, 24801, 24802, 24803, 24804, 24805, 24806, 24807, 24808, 24809, 24810, 24811, 24812, 24813, 24814, 24815, 24816, 24817, 24818, 24819, 24820, 24821, 24822, 24823, 24824, 24825, 14801, 14802, 14803, 14804, 14805, 14806, 14807, 14808, 14809, 14810, 14811, 14812, 14813, 15201, 15202, 15203, 15204, 15205, 15206, 15207, 15208, 15209, 15210, 15211, 15212, 15213, 54801, 54802, 54803, 54804, 75204, 24826, 75222, 75205, 75211, 75209, 75202, 75228, 75208, 75215, 75229, 75223, 75203, 75230, 75206, 75213, 75201, 75224, 75214, 75225, 75212, 75207, 75226, 75210, 75227, 75221, 75216, 75218, 75220, 75217, 75219]"
1325218515088HURL1,"[4413, 4414, 4415, 4416, 4417, 4801, 4802, 9001, 9002, 9201, 9202, 9203, 9401, 9402, 9403, 9404, 9405, 9406, 9407, 9408, 9409, 9410, 9411, 9412, 9413, 9414, 24801, 24802, 24803, 24804, 24805, 24806, 24807, 24808, 24809, 24810, 24811, 24812, 24813, 24814, 24815, 24816, 24817, 24818, 24819, 24820, 24821, 24822, 24823, 24824, 24825, 14801, 14802, 14803, 14804, 14805, 14806, 14807, 14808, 14809, 14810, 14811, 14812, 14813, 15201, 15202, 15203, 15204, 15205, 15206, 15207, 15208, 15209, 15210, 15211, 15212, 15213, 54801, 54802, 54803, 54804, 75204, 24826, 75222, 75205, 75211, 75209, 75202, 75228, 75208, 75215, 75229, 75223, 75203, 75230, 75206, 75213, 75201, 75224, 75214, 75225, 75212, 75207, 75226, 75210, 75227, 75221, 75216, 75218, 75220, 75217, 75219]"
1325219515091VURL1,"[4413, 4414, 4415, 4416, 4417, 4801, 4802, 9001, 9002, 9201, 9202, 9203, 9401, 9402, 9403, 9404, 9405, 9406, 9407, 9408, 9409, 9410, 9411, 9412, 9413, 9414, 24801, 24802, 24803, 24804, 24805, 24806, 24807, 24808, 24809, 24810, 24811, 24812, 24813, 24814, 24815, 24816, 24817, 24818, 24819, 24820, 24821, 24822, 24823, 24824, 24825, 14801, 14802, 14803, 14804, 14805, 14806, 14807, 14808, 14809, 14810, 14811, 14812, 14813, 15201, 15202, 15203, 15204, 15205, 15206, 15207, 15208, 15209, 15210, 15211, 15212, 15213, 54801, 54802, 54803, 54804, 75204, 24826, 75222, 75205, 75211, 75209, 75202, 75228, 75208, 75215, 75229, 75223, 75203, 75230, 75206, 75213, 75201, 75224, 75214, 75225, 75212, 75207, 75226, 75210, 75227, 75221, 75216, 75218, 75220, 75217, 75219]"
1325219515091VURL0,"[4413, 4414, 4415, 4416, 4417, 4801, 4802, 9001, 9002, 9201, 9202, 9203, 9401, 9402, 9403, 9404, 9405, 9406, 9407, 9408, 9409, 9410, 9411, 9412, 9413, 9414, 24801, 24802, 24803, 24804, 24805, 24806, 24807, 24808, 24809, 24810, 24811, 24812, 24813, 24814, 24815, 24816, 24817, 24818, 24819, 24820, 24821, 24822, 24823, 24824, 24825, 14801, 14802, 14803, 14804, 14805, 14806, 14807, 14808, 14809, 14810, 14811, 14812, 14813, 15201, 15202, 15203, 15204, 15205, 15206, 15207, 15208, 15209, 15210, 15211, 15212, 15213, 54801, 54802, 54803, 54804, 75204, 24826, 75222, 75205, 75211, 75209, 75202, 75228, 75208, 75215, 75229, 75223, 75203, 75230, 75206, 75213, 75201, 75224, 75214, 75225, 75212, 75207, 75226, 75210, 75227, 75221, 75216, 75218, 75220, 75217, 75219]"
1325220515094VURL1,"[4413, 4414, 4415, 4416, 4417, 4801, 4802, 9001, 9002, 9201, 9202, 9203, 9401, 9402, 9403, 9404, 9405, 9406, 9407, 9408, 9409, 9410, 9411, 9412, 9413, 9414, 24801, 24802, 24803, 24804, 24805, 24806, 24807, 24808, 24809, 24810, 24811, 24812, 24813, 24814, 24815, 24816, 24817, 24818, 24819, 24820, 24821, 24822, 24823, 24824, 24825, 14801, 14802, 14803, 14804, 14805, 14806, 14807, 14808, 14809, 14810, 14811, 14812, 14813, 15201, 15202, 15203, 15204, 15205, 15206, 15207, 15208, 15209, 15210, 15211, 15212, 15213, 75204, 24826, 75222, 75205, 75211, 75209, 75202, 75228, 75208, 75215, 75229, 75223, 75203, 75230, 75206, 75213, 75201, 75224, 75214, 75225, 75212, 75207, 75226, 75210, 75227, 75221, 75216, 75218, 75220, 75217, 75219]"
1325219515091VZEP0,"[4413, 4414, 4415, 4416, 4417, 4801, 4802, 9001, 9002, 9201, 9202, 9203, 9401, 9402, 9403, 9404, 9405, 9406, 9407, 9408, 9409, 9410, 9411, 9412, 9413, 9414, 9502, 9503, 9504, 9505, 9506, 9507]"
1325219515091VVEC0,"[4413, 4414, 4415, 4416, 4417, 4801, 4802, 9001, 9002, 9201, 9202, 9203, 9401, 9402, 9403, 9404, 9405, 9406, 9407, 9408, 9409, 9410, 9411, 9412, 9413, 9414, 9502, 9503, 9504, 9505, 9506, 9507]"
1325219515091HVEC0,"[4413, 4414, 4415, 4416, 4417, 4801, 4802, 9001, 9002, 9201, 9202, 9203, 9401, 9402, 9403, 9404, 9405, 9406, 9407, 9408, 9409, 9410, 9411, 9412, 9413, 9414, 9502, 9503, 9504, 9505, 9506, 9507]"
1325119615092STOR0,"[4401, 4402, 4403, 4404, 4405, 4406, 4407, 4408, 4409, 4411, 4412, 4413, 4414, 4415, 4416, 4417, 4801, 4802, 4410, 4901, 4902, 4903, 4904, 4905, 4906, 4907, 4908, 4909, 4910, 4911, 4912, 4916, 4917, 4918, 4919, 4921, 4922, 4923, 4924, 4925, 8601, 8602, 8603, 8604, 8605, 8606, 8701, 8702, 9701, 9702, 9703, 9704, 9001, 9002, 9201, 9202, 9203, 9401, 9402, 9403, 9404, 9405, 9406, 9407, 9408, 9409, 9410, 9411, 9412, 9413, 9414]"
1325119815106QBRQ0,"[4401, 4402, 4403, 4404, 4405, 4406, 4407, 4408, 4409, 4411, 4412, 4413, 4414, 4415, 4416, 4417, 4801, 4802, 4410, 4901, 4902, 4903, 4904, 4905, 4906, 4907, 4908, 4909, 4910, 4911, 4912, 4916, 4917, 4918, 4919, 4921, 4922, 4923, 4924, 4925, 8601, 8602, 8603, 8604, 8605, 8606, 8701, 8702, 9701, 9702, 9703, 9704, 9001, 9002, 9201, 9202, 9203, 9401, 9402, 9403, 9404, 9405, 9406, 9407, 9408, 9409, 9410, 9411, 9412, 9413, 9414]"
1325121715100SBRT0,"[4401, 4402, 4403, 4404, 4405, 4406, 4407, 4408, 4409, 4411, 4412, 4413, 4414, 4415, 4416, 4417, 4801, 4802, 4410, 4901, 4902, 4903, 4904, 4905, 4906, 4907, 4908, 4909, 4910, 4911, 4912, 4916, 4917, 4918, 4919, 4921, 4922, 4923, 4924, 4925, 8601, 8602, 8603, 8604, 8605, 8606, 8701, 8702, 9701, 9702, 9703, 9704, 9001, 9002, 9201, 9202, 9203, 9401, 9402, 9403, 9404, 9405, 9406, 9407, 9408, 9409, 9410, 9411, 9412, 9413, 9414]"
1325121715115SLTB0,"[4401, 4402, 4403, 4404, 4405, 4406, 4407, 4408, 4409, 4411, 4412, 4413, 4414, 4415, 4416, 4417, 4801, 4802, 4410, 4901, 4902, 4903, 4904, 4905, 4906, 4907, 4908, 4909, 4910, 4911, 4912, 4916, 4917, 4918, 4919, 4921, 4922, 4923, 4924, 4925, 8601, 8602, 8603, 8604, 8605, 8606, 8701, 8702, 9701, 9702, 9703, 9704, 9001, 9002, 9201, 9202, 9203, 9401, 9402, 9403, 9404, 9405, 9406, 9407, 9408, 9409, 9410, 9411, 9412, 9413, 9414]"
1225221615008QXC10,"[4413, 4414, 4415, 4416, 4417, 4801, 4802, 9001, 9002, 9201, 9202, 9203, 9401, 9402, 9403, 9404, 9405, 9406, 9407, 9408, 9409, 9410, 9411, 9412, 9413, 9414, 14801, 14802, 14803, 14804, 14805, 14806, 14807, 14808, 14809, 14810, 14811, 14812, 14813, 15201, 15202, 15203, 15204, 15205, 15206, 15207, 15208, 15209, 15210, 15211, 15212, 15213, 75204, 75222, 75205, 75211, 75209, 75202, 75228, 75208, 75215, 75229, 75223, 75203, 75230, 75206, 75213, 75201, 75224, 75214, 75225, 75212, 75207, 75226, 75210, 75227, 75221, 75216, 75218, 75220, 75217, 75219]"
1225222615008RXC10,"[4413, 4414, 4415, 4416, 4417, 4801, 4802, 9001, 9002, 9201, 9202, 9203, 9401, 9402, 9403, 9404, 9405, 9406, 9407, 9408, 9409, 9410, 9411, 9412, 9413, 9414, 14801, 14802, 14803, 14804, 14805, 14806, 14807, 14808, 14809, 14810, 14811, 14812, 14813, 15201, 15202, 15203, 15204, 15205, 15206, 15207, 15208, 15209, 15210, 15211, 15212, 15213, 75204, 75222, 75205, 75211, 75209, 75202, 75228, 75208, 75215, 75229, 75223, 75203, 75230, 75206, 75213, 75201, 75224, 75214, 75225, 75212, 75207, 75226, 75210, 75227, 75221, 75216, 75218, 75220, 75217, 75219]"
1325220515094VURL0,"[4413, 4414, 4415, 4416, 4417, 4801, 4802, 9001, 9002, 9201, 9202, 9203, 9401, 9402, 9403, 9404, 9405, 9406, 9407, 9408, 9409, 9410, 9411, 9412, 9413, 9414, 24801, 24802, 24803, 24804, 24805, 24806, 24807, 24808, 24809, 24810, 24811, 24812, 24813, 24814, 24815, 24816, 24817, 24818, 24819, 24820, 24821, 24822, 24823, 24824, 24825, 14801, 14802, 14803, 14804, 14805, 14806, 14807, 14808, 14809, 14810, 14811, 14812, 14813, 15201, 15202, 15203, 15204, 15205, 15206, 15207, 15208, 15209, 15210, 15211, 15212, 15213, 54801, 54802, 54803, 54804, 75204, 24826, 75222, 75205, 75211, 75209, 75202, 75228, 75208, 75215, 75229, 75223, 75203, 75230, 75206, 75213, 75201, 75224, 75214, 75225, 75212, 75207, 75226, 75210, 75227, 75221, 75216, 75218, 75220, 75217, 75219]"
1325220515094VZEP0,"[4413, 4414, 4415, 4416, 4417, 4801, 4802, 9001, 9002, 9201, 9202, 9203, 9401, 9402, 9403, 9404, 9405, 9406, 9407, 9408, 9409, 9410, 9411, 9412, 9413, 9414, 9502, 9503, 9504, 9505, 9506, 9507]"
1325123715105SBRT0,"[4401, 4402, 4403, 4404, 4405, 4406, 4407, 4408, 4409, 4411, 4412, 4413, 4414, 4415, 4416, 4417, 4801, 4802, 4410, 4901, 4902, 4903, 4904, 4905, 4906, 4907, 4908, 4909, 4910, 4911, 4912, 4916, 4917, 4918, 4919, 4921, 4922, 4923, 4924, 4925, 8601, 8602, 8603, 8604, 8605, 8606, 8701, 8702, 9701, 9702, 9703, 9704, 9001, 9002, 9201, 9202, 9203, 9401, 9402, 9403, 9404, 9405, 9406, 9407, 9408, 9409, 9410, 9411, 9412, 9413, 9414]"
1325223715105SBRT0,"[4401, 4402, 4403, 4404, 4405, 4406, 4407, 4408, 4409, 4411, 4412, 4413, 4414, 4415, 4416, 4417, 4801, 4802, 4410, 4901, 4902, 4903, 4904, 4905, 4906, 4907, 4908, 4909, 4910, 4911, 4912, 4916, 4917, 4918, 4919, 4921, 4922, 4923, 4924, 4925, 8601, 8602, 8603, 8604, 8605, 8606, 8701, 8702, 9701, 9702, 9703, 9704, 9001, 9002, 9201, 9202, 9203, 9401, 9402, 9403, 9404, 9405, 9406, 9407, 9408, 9409, 9410, 9411, 9412, 9413, 9414]"
1225170015010LSTL0,"[4401, 4402, 4403, 4404, 4405, 4406, 4407, 4408, 4409, 4411, 4412, 4413, 4414, 4415, 4416, 4417, 4801, 4802, 4410, 4901, 4902, 4903, 4904, 4905, 4906, 4907, 4908, 4909, 4910, 4911, 4912, 4916, 4917, 4918, 4919, 4921, 4922, 4923, 4924, 4925, 8601, 8602, 8603, 8604, 8605, 8606, 8701, 8702, 9701, 9702, 9703, 9704, 9001, 9002, 9201, 9202, 9203, 9401, 9402, 9403, 9404, 9405, 9406, 9407, 9408, 9409, 9410, 9411, 9412, 9413, 9414]"
1225170015012LSTL0,"[4401, 4402, 4403, 4404, 4405, 4406, 4407, 4408, 4409, 4411, 4412, 4413, 4414, 4415, 4416, 4417, 4801, 4802, 4410, 4901, 4902, 4903, 4904, 4905, 4906, 4907, 4908, 4909, 4910, 4911, 4912, 4916, 4917, 4918, 4919, 4921, 4922, 4923, 4924, 4925, 8601, 8602, 8603, 8604, 8605, 8606, 8701, 8702, 9701, 9702, 9703, 9704, 9001, 9002, 9201, 9202, 9203, 9401, 9402, 9403, 9404, 9405, 9406, 9407, 9408, 9409, 9410, 9411, 9412, 9413, 9414]"
1325220415091VZEP0,"[4413, 4414, 4415, 4416, 4417, 4801, 4802, 9001, 9002, 9201, 9202, 9203, 9401, 9402, 9403, 9404, 9405, 9406, 9407, 9408, 9409, 9410, 9411, 9412, 9413, 9414, 9502, 9503, 9504, 9505, 9506, 9507]"
1325119015008SRBT0,"[4401, 4402, 4403, 4404, 4405, 4406, 4407, 4408, 4409, 4411, 4412, 4413, 4414, 4415, 4416, 4417, 4801, 4802, 4410, 4901, 4902, 4903, 4904, 4905, 4906, 4907, 4908, 4909, 4910, 4911, 4912, 4916, 4917, 4918, 4919, 4921, 4922, 4923, 4924, 4925, 8601, 8602, 8603, 8604, 8605, 8606, 8701, 8702, 9701, 9702, 9703, 9704, 9001, 9002, 9201, 9202, 9203, 9401, 9402, 9403, 9404, 9405, 9406, 9407, 9408, 9409, 9410, 9411, 9412, 9413, 9414]"
1225121715115SSTL0,"[4401, 4402, 4403, 4404, 4405, 4406, 4407, 4408, 4409, 4411, 4412, 4413, 4414, 4415, 4416, 4417, 4801, 4802, 4410, 4901, 4902, 4903, 4904, 4905, 4906, 4907, 4908, 4909, 4910, 4911, 4912, 4916, 4917, 4918, 4919, 4921, 4922, 4923, 4924, 4925, 8601, 8602, 8603, 8604, 8605, 8606, 8701, 8702, 9701, 9702, 9703, 9704, 9001, 9002, 9201, 9202, 9203, 9401, 9402, 9403, 9404, 9405, 9406, 9407, 9408, 9409, 9410, 9411, 9412, 9413, 9414]"
1225221715115SSTL0,"[4401, 4402, 4403, 4404, 4405, 4406, 4407, 4408, 4409, 4411, 4412, 4413, 4414, 4415, 4416, 4417, 4801, 4802, 4410, 4901, 4902, 4903, 4904, 4905, 4906, 4907, 4908, 4909, 4910, 4911, 4912, 4916, 4917, 4918, 4919, 4921, 4922, 4923, 4924, 4925, 8601, 8602, 8603, 8604, 8605, 8606, 8701, 8702, 9701, 9702, 9703, 9704, 9001, 9002, 9201, 9202, 9203, 9401, 9402, 9403, 9404, 9405, 9406, 9407, 9408, 9409, 9410, 9411, 9412, 9413, 9414]"
1325218515088TURL0,"[4413, 4414, 4415, 4416, 4417, 4801, 4802, 9001, 9002, 9201, 9202, 9203, 9401, 9402, 9403, 9404, 9405, 9406, 9407, 9408, 9409, 9410, 9411, 9412, 9413, 9414, 24801, 24802, 24803, 24804, 24805, 24806, 24807, 24808, 24809, 24810, 24811, 24812, 24813, 24814, 24815, 24816, 24817, 24818, 24819, 24820, 24821, 24822, 24823, 24824, 24825, 14801, 14802, 14803, 14804, 14805, 14806, 14807, 14808, 14809, 14810, 14811, 14812, 14813, 15201, 15202, 15203, 15204, 15205, 15206, 15207, 15208, 15209, 15210, 15211, 15212, 15213, 75204, 24826, 75222, 75205, 75211, 75209, 75202, 75228, 75208, 75215, 75229, 75223, 75203, 75230, 75206, 75213, 75201, 75224, 75214, 75225, 75212, 75207, 75226, 75210, 75227, 75221, 75216, 75218, 75220, 75217, 75219]"
1325218415008QULX0,"[4413, 4414, 4415, 4416, 4417, 4801, 4802, 9001, 9002, 9201, 9202, 9203, 9401, 9402, 9403, 9404, 9405, 9406, 9407, 9408, 9409, 9410, 9411, 9412, 9413, 9414]"
1325219415088SXRG1,"[4413, 4414, 4415, 4416, 4417, 4801, 4802, 9001, 9002, 9201, 9202, 9203, 9401, 9402, 9403, 9404, 9405, 9406, 9407, 9408, 9409, 9410, 9411, 9412, 9413, 9414]"
1325219415088SXRG2,"[4413, 4414, 4415, 4416, 4417, 4801, 4802, 9001, 9002, 9201, 9202, 9203, 9401, 9402, 9403, 9404, 9405, 9406, 9407, 9408, 9409, 9410, 9411, 9412, 9413, 9414]"
1325121715100SRBT0,"[4401, 4402, 4403, 4404, 4405, 4406, 4407, 4408, 4409, 4411, 4412, 4413, 4414, 4415, 4416, 4417, 4801, 4802, 4410, 4901, 4902, 4903, 4904, 4905, 4906, 4907, 4908, 4909, 4910, 4911, 4912, 4916, 4917, 4918, 4919, 4921, 4922, 4923, 4924, 4925, 8601, 8602, 8603, 8604, 8605, 8606, 8701, 8702, 9701, 9702, 9703, 9704, 9001, 9002, 9201, 9202, 9203, 9401, 9402, 9403, 9404, 9405, 9406, 9407, 9408, 9409, 9410, 9411, 9412, 9413, 9414]"
1325218515088TURLS,"[4413, 4414, 4415, 4416, 4417, 4801, 4802, 9001, 9002, 9201, 9202, 9203, 9401, 9402, 9403, 9404, 9405, 9406, 9407, 9408, 9409, 9410, 9411, 9412, 9413, 9414, 24801, 24802, 24803, 24804, 24805, 24806, 24807, 24808, 24809, 24810, 24811, 24812, 24813, 24814, 24815, 24816, 24817, 24818, 24819, 24820, 24821, 24822, 24823, 24824, 24825, 14801, 14802, 14803, 14804, 14805, 14806, 14807, 14808, 14809, 14810, 14811, 14812, 14813, 15201, 15202, 15203, 15204, 15205, 15206, 15207, 15208, 15209, 15210, 15211, 15212, 15213, 75204, 24826, 75222, 75205, 75211, 75209, 75202, 75228, 75208, 75215, 75229, 75223, 75203, 75230, 75206, 75213, 75201, 75224, 75214, 75225, 75212, 75207, 75226, 75210, 75227, 75221, 75216, 75218, 75220, 75217, 75219]"
1225119015107SLTB0,"[4401, 4402, 4403, 4404, 4405, 4406, 4407, 4408, 4409, 4411, 4412, 4413, 4414, 4415, 4416, 4417, 4801, 4802, 4410, 4901, 4902, 4903, 4904, 4905, 4906, 4907, 4908, 4909, 4910, 4911, 4912, 4916, 4917, 4918, 4919, 4921, 4922, 4923, 4924, 4925, 8601, 8602, 8603, 8604, 8605, 8606, 8701, 8702, 9701, 9702, 9703, 9704, 9001, 9002, 9201, 9202, 9203, 9401, 9402, 9403, 9404, 9405, 9406, 9407, 9408, 9409, 9410, 9411, 9412, 9413, 9414]"
1225219015008SLTB0,"[4401, 4402, 4403, 4404, 4405, 4406, 4407, 4408, 4409, 4411, 4412, 4413, 4414, 4415, 4416, 4417, 4801, 4802, 4410, 4901, 4902, 4903, 4904, 4905, 4906, 4907, 4908, 4909, 4910, 4911, 4912, 4916, 4917, 4918, 4919, 4921, 4922, 4923, 4924, 4925, 8601, 8602, 8603, 8604, 8605, 8606, 8701, 8702, 9701, 9702, 9703, 9704, 9001, 9002, 9201, 9202, 9203, 9401, 9402, 9403, 9404, 9405, 9406, 9407, 9408, 9409, 9410, 9411, 9412, 9413, 9414]"
1F25218515642DXRG1,"[4413, 4414, 4415, 4416, 4417, 4801, 4802, 9001, 9002, 9201, 9202, 9203, 9401, 9402, 9403, 9404, 9405, 9406, 9407, 9408, 9409, 9410, 9411, 9412, 9413, 9414]"
1F25218515642DXRG2,"[4413, 4414, 4415, 4416, 4417, 4801, 4802, 9001, 9002, 9201, 9202, 9203, 9401, 9402, 9403, 9404, 9405, 9406, 9407, 9408, 9409, 9410, 9411, 9412, 9413, 9414]"
1325218515088HURLE,"[4413, 4414, 4415, 4416, 4417, 4801, 4802, 9001, 9002, 9201, 9202, 9203, 9401, 9402, 9403, 9404, 9405, 9406, 9407, 9408, 9409, 9410, 9411, 9412, 9413, 9414, 9502, 9503, 9504, 9505, 9506, 9507, 24801, 24802, 24803, 24804, 24805, 24806, 24807, 24808, 24809, 24810, 24811, 24812, 24813, 24814, 24815, 24816, 24817, 24818, 24819, 24820, 24821, 24822, 24823, 24824, 24825, 14801, 14802, 14803, 14804, 14805, 14806, 14807, 14808, 14809, 14810, 14811, 14812, 14813, 15201, 15202, 15203, 15204, 15205, 15206, 15207, 15208, 15209, 15210, 15211, 15212, 15213, 54801, 54802, 54803, 54804, 75204, 24826, 75222, 75205, 75211, 75209, 75202, 75228, 75208, 75215, 75229, 75223, 75203, 75230, 75206, 75213, 75201, 75224, 75214, 75225, 75212, 75207, 75226, 75210, 75227, 75221, 75216, 75218, 75220, 75217, 75219]"
1225119015008QBRUM,"[4401, 4402, 4403, 4404, 4405, 4406, 4407, 4408, 4409, 4411, 4412, 4413, 4414, 4415, 4416, 4417, 4801, 4802, 4410, 4901, 4902, 4903, 4904, 4905, 4906, 4907, 4908, 4909, 4910, 4911, 4912, 4916, 4917, 4918, 4919, 4921, 4922, 4923, 4924, 4925, 8601, 8602, 8603, 8604, 8605, 8606, 8701, 8702, 9701, 9702, 9703, 9704, 9001, 9002, 9201, 9202, 9203, 9401, 9402, 9403, 9404, 9405, 9406, 9407, 9408, 9409, 9410, 9411, 9412, 9413, 9414]"
1325221715100SBRT0,"[4401, 4402, 4403, 4404, 4405, 4406, 4407, 4408, 4409, 4411, 4412, 4413, 4414, 4415, 4416, 4417, 4801, 4802, 4410, 4901, 4902, 4903, 4904, 4905, 4906, 4907, 4908, 4909, 4910, 4911, 4912, 4916, 4917, 4918, 4919, 4921, 4922, 4923, 4924, 4925, 8601, 8602, 8603, 8604, 8605, 8606, 8701, 8702, 9701, 9702, 9703, 9704, 9001, 9002, 9201, 9202, 9203, 9401, 9402, 9403, 9404, 9405, 9406, 9407, 9408, 9409, 9410, 9411, 9412, 9413, 9414]"
1325217515084HURP0,"[4413, 4414, 4415, 4416, 4417, 4801, 4802, 9001, 9002, 9201, 9202, 9203, 9401, 9402, 9403, 9404, 9405, 9406, 9407, 9408, 9409, 9410, 9411, 9412, 9413, 9414, 9502, 9503, 9504, 9505, 9506, 9507, 24801, 24802, 24803, 24804, 24805, 24806, 24807, 24808, 24809, 24810, 24811, 24812, 24813, 24814, 24815, 24816, 24817, 24818, 24819, 24820, 24821, 24822, 24823, 24824, 24825, 14801, 14802, 14803, 14804, 14805, 14806, 14807, 14808, 14809, 14810, 14811, 14812, 14813, 15201, 15202, 15203, 15204, 15205, 15206, 15207, 15208, 15209, 15210, 15211, 15212, 15213, 54801, 54802, 54803, 54804, 75204, 24826, 75222, 75205, 75211, 75209, 75202, 75228, 75208, 75215, 75229, 75223, 75203, 75230, 75206, 75213, 75201, 75224, 75214, 75225, 75212, 75207, 75226, 75210, 75227, 75221, 75216, 75218, 75220, 75217, 75219]"
1325220515094VUTR0,"[4413, 4414, 4415, 4416, 4417, 4801, 4802, 9001, 9002, 9201, 9202, 9203, 9401, 9402, 9403, 9404, 9405, 9406, 9407, 9408, 9409, 9410, 9411, 9412, 9413, 9414, 24801, 24802, 24803, 24804, 24805, 24806, 24807, 24808, 24809, 24810, 24811, 24812, 24813, 24814, 24815, 24816, 24817, 24818, 24819, 24820, 24821, 24822, 24823, 24824, 24825, 14801, 14802, 14803, 14804, 14805, 14806, 14807, 14808, 14809, 14810, 14811, 14812, 14813, 15201, 15202, 15203, 15204, 15205, 15206, 15207, 15208, 15209, 15210, 15211, 15212, 15213, 75204, 24826, 75222, 75205, 75211, 75209, 75202, 75228, 75208, 75215, 75229, 75223, 75203, 75230, 75206, 75213, 75201, 75224, 75214, 75225, 75212, 75207, 75226, 75210, 75227, 75221, 75216, 75218, 75220, 75217, 75219]"
1325220515094VTMX0,"[4413, 4414, 4415, 4416, 4417, 4801, 4802, 9001, 9002, 9201, 9202, 9203, 9401, 9402, 9403, 9404, 9405, 9406, 9407, 9408, 9409, 9410, 9411, 9412, 9413, 9414, 24801, 24802, 24803, 24804, 24805, 24806, 24807, 24808, 24809, 24810, 24811, 24812, 24813, 24814, 24815, 24816, 24817, 24818, 24819, 24820, 24821, 24822, 24823, 24824, 24825, 14801, 14802, 14803, 14804, 14805, 14806, 14807, 14808, 14809, 14810, 14811, 14812, 14813, 15201, 15202, 15203, 15204, 15205, 15206, 15207, 15208, 15209, 15210, 15211, 15212, 15213, 75204, 24826, 75222, 75205, 75211, 75209, 75202, 75228, 75208, 75215, 75229, 75223, 75203, 75230, 75206, 75213, 75201, 75224, 75214, 75225, 75212, 75207, 75226, 75210, 75227, 75221, 75216, 75218, 75220, 75217, 75219]"
1325220515094VURL2,"[4413, 4414, 4415, 4416, 4417, 4801, 4802, 9001, 9002, 9201, 9202, 9203, 9401, 9402, 9403, 9404, 9405, 9406, 9407, 9408, 9409, 9410, 9411, 9412, 9413, 9414, 24801, 24802, 24803, 24804, 24805, 24806, 24807, 24808, 24809, 24810, 24811, 24812, 24813, 24814, 24815, 24816, 24817, 24818, 24819, 24820, 24821, 24822, 24823, 24824, 24825, 14801, 14802, 14803, 14804, 14805, 14806, 14807, 14808, 14809, 14810, 14811, 14812, 14813, 15201, 15202, 15203, 15204, 15205, 15206, 15207, 15208, 15209, 15210, 15211, 15212, 15213, 75204, 24826, 75222, 75205, 75211, 75209, 75202, 75228, 75208, 75215, 75229, 75223, 75203, 75230, 75206, 75213, 75201, 75224, 75214, 75225, 75212, 75207, 75226, 75210, 75227, 75221, 75216, 75218, 75220, 75217, 75219]"
1325220515094VUTP0,"[4413, 4414, 4415, 4416, 4417, 4801, 4802, 9001, 9002, 9201, 9202, 9203, 9401, 9402, 9403, 9404, 9405, 9406, 9407, 9408, 9409, 9410, 9411, 9412, 9413, 9414, 24801, 24802, 24803, 24804, 24805, 24806, 24807, 24808, 24809, 24810, 24811, 24812, 24813, 24814, 24815, 24816, 24817, 24818, 24819, 24820, 24821, 24822, 24823, 24824, 24825, 14801, 14802, 14803, 14804, 14805, 14806, 14807, 14808, 14809, 14810, 14811, 14812, 14813, 15201, 15202, 15203, 15204, 15205, 15206, 15207, 15208, 15209, 15210, 15211, 15212, 15213, 75204, 24826, 75222, 75205, 75211, 75209, 75202, 75228, 75208, 75215, 75229, 75223, 75203, 75230, 75206, 75213, 75201, 75224, 75214, 75225, 75212, 75207, 75226, 75210, 75227, 75221, 75216, 75218, 75220, 75217, 75219]"
1325218415084TUTR0,"[4413, 4414, 4415, 4416, 4417, 4801, 4802, 9001, 9002, 9201, 9202, 9203, 9401, 9402, 9403, 9404, 9405, 9406, 9407, 9408, 9409, 9410, 9411, 9412, 9413, 9414, 9502, 9503, 9504, 9505, 9506, 9507, 24801, 24802, 24803, 24804, 24805, 24806, 24807, 24808, 24809, 24810, 24811, 24812, 24813, 24814, 24815, 24816, 24817, 24818, 24819, 24820, 24821, 24822, 24823, 24824, 24825, 14801, 14802, 14803, 14804, 14805, 14806, 14807, 14808, 14809, 14810, 14811, 14812, 14813, 15201, 15202, 15203, 15204, 15205, 15206, 15207, 15208, 15209, 15210, 15211, 15212, 15213, 75204, 24826, 75222, 75205, 75211, 75209, 75202, 75228, 75208, 75215, 75229, 75223, 75203, 75230, 75206, 75213, 75201, 75224, 75214, 75225, 75212, 75207, 75226, 75210, 75227, 75221, 75216, 75218, 75220, 75217, 75219]"
1325218515088HUTR0,"[4413, 4414, 4415, 4416, 4417, 4801, 4802, 9001, 9002, 9201, 9202, 9203, 9401, 9402, 9403, 9404, 9405, 9406, 9407, 9408, 9409, 9410, 9411, 9412, 9413, 9414, 9502, 9503, 9504, 9505, 9506, 9507, 24801, 24802, 24803, 24804, 24805, 24806, 24807, 24808, 24809, 24810, 24811, 24812, 24813, 24814, 24815, 24816, 24817, 24818, 24819, 24820, 24821, 24822, 24823, 24824, 24825, 14801, 14802, 14803, 14804, 14805, 14806, 14807, 14808, 14809, 14810, 14811, 14812, 14813, 15201, 15202, 15203, 15204, 15205, 15206, 15207, 15208, 15209, 15210, 15211, 15212, 15213, 75204, 24826, 75222, 75205, 75211, 75209, 75202, 75228, 75208, 75215, 75229, 75223, 75203, 75230, 75206, 75213, 75201, 75224, 75214, 75225, 75212, 75207, 75226, 75210, 75227, 75221, 75216, 75218, 75220, 75217, 75219]"
1325219015008SRBT0,"[4401, 4402, 4403, 4404, 4405, 4406, 4407, 4408, 4409, 4411, 4412, 4413, 4414, 4415, 4416, 4417, 4801, 4802, 4410, 4901, 4902, 4903, 4904, 4905, 4906, 4907, 4908, 4909, 4910, 4911, 4912, 4916, 4917, 4918, 4919, 4921, 4922, 4923, 4924, 4925, 8601, 8602, 8603, 8604, 8605, 8606, 8701, 8702, 9701, 9702, 9703, 9704, 9001, 9002, 9201, 9202, 9203, 9401, 9402, 9403, 9404, 9405, 9406, 9407, 9408, 9409, 9410, 9411, 9412, 9413, 9414]"
1325221715100SRXT0,"[4413, 4414, 4415, 4416, 4417, 4801, 4802, 9001, 9002, 9201, 9202, 9203, 9401, 9402, 9403, 9404, 9405, 9406, 9407, 9408, 9409, 9410, 9411, 9412, 9413, 9414, 24801, 24802, 24803, 24804, 24805, 24806, 24807, 24808, 24809, 24810, 24811, 24812, 24813, 24814, 24815, 24816, 24817, 24818, 24819, 24820, 24821, 24822, 24823, 24824, 24825, 14801, 14802, 14803, 14804, 14805, 14806, 14807, 14808, 14809, 14810, 14811, 14812, 14813, 15201, 15202, 15203, 15204, 15205, 15206, 15207, 15208, 15209, 15210, 15211, 15212, 15213, 75204, 24826, 75222, 75205, 75211, 75209, 75202, 75228, 75208, 75215, 75229, 75223, 75203, 75230, 75206, 75213, 75201, 75224, 75214, 75225, 75212, 75207, 75226, 75210, 75227, 75221, 75216, 75218, 75220, 75217, 75219]"
1325223715105SRXT0,"[4413, 4414, 4415, 4416, 4417, 4801, 4802, 9001, 9002, 9201, 9202, 9203, 9401, 9402, 9403, 9404, 9405, 9406, 9407, 9408, 9409, 9410, 9411, 9412, 9413, 9414, 24801, 24802, 24803, 24804, 24805, 24806, 24807, 24808, 24809, 24810, 24811, 24812, 24813, 24814, 24815, 24816, 24817, 24818, 24819, 24820, 24821, 24822, 24823, 24824, 24825, 14801, 14802, 14803, 14804, 14805, 14806, 14807, 14808, 14809, 14810, 14811, 14812, 14813, 15201, 15202, 15203, 15204, 15205, 15206, 15207, 15208, 15209, 15210, 15211, 15212, 15213, 75204, 24826, 75222, 75205, 75211, 75209, 75202, 75228, 75208, 75215, 75229, 75223, 75203, 75230, 75206, 75213, 75201, 75224, 75214, 75225, 75212, 75207, 75226, 75210, 75227, 75221, 75216, 75218, 75220, 75217, 75219]"
1325220515094VZEPT,"[4413, 4414, 4415, 4416, 4417, 4801, 4802, 9001, 9002, 9201, 9202, 9203, 9401, 9402, 9403, 9404, 9405, 9406, 9407, 9408, 9409, 9410, 9411, 9412, 9413, 9414, 9502, 9503, 9504, 9505, 9506, 9507]"
1325221715100SRHT0,"[24801, 24802, 24803, 24804, 24805, 24806, 24807, 24808, 24809, 24810, 24811, 24812, 24813, 24814, 24815, 24816, 24817, 24818, 24819, 24820, 24821, 24822, 24823, 24824, 24825, 14801, 14802, 14803, 14804, 14805, 14806, 14807, 14808, 14809, 14810, 14811, 14812, 14813, 15201, 15202, 15203, 15204, 15205, 15206, 15207, 15208, 15209, 15210, 15211, 15212, 15213, 75204, 24826, 75222, 75205, 75211, 75209, 75202, 75228, 75208, 75215, 75229, 75223, 75203, 75230, 75206, 75213, 75201, 75224, 75214, 75225, 75212, 75207, 75226, 75210, 75227, 75221, 75216, 75218, 75220, 75217, 75219]"
1225219015010QSTL0,"[4413, 4414, 4415, 4416, 4417, 4801, 4802, 9001, 9002, 9201, 9202, 9203, 9401, 9402, 9403, 9404, 9405, 9406, 9407, 9408, 9409, 9410, 9411, 9412, 9413, 9414]"
1325121715100SRXT0,"[4413, 4414, 4415, 4416, 4417, 4801, 4802, 9001, 9002, 9201, 9202, 9203, 9401, 9402, 9403, 9404, 9405, 9406, 9407, 9408, 9409, 9410, 9411, 9412, 9413, 9414, 24801, 24802, 24803, 24804, 24805, 24806, 24807, 24808, 24809, 24810, 24811, 24812, 24813, 24814, 24815, 24816, 24817, 24818, 24819, 24820, 24821, 24822, 24823, 24824, 24825, 14801, 14802, 14803, 14804, 14805, 14806, 14807, 14808, 14809, 14810, 14811, 14812, 14813, 15201, 15202, 15203, 15204, 15205, 15206, 15207, 15208, 15209, 15210, 15211, 15212, 15213, 75204, 24826, 75222, 75205, 75211, 75209, 75202, 75228, 75208, 75215, 75229, 75223, 75203, 75230, 75206, 75213, 75201, 75224, 75214, 75225, 75212, 75207, 75226, 75210, 75227, 75221, 75216, 75218, 75220, 75217, 75219]"
1325123715105SRXT0,"[4413, 4414, 4415, 4416, 4417, 4801, 4802, 9001, 9002, 9201, 9202, 9203, 9401, 9402, 9403, 9404, 9405, 9406, 9407, 9408, 9409, 9410, 9411, 9412, 9413, 9414, 24801, 24802, 24803, 24804, 24805, 24806, 24807, 24808, 24809, 24810, 24811, 24812, 24813, 24814, 24815, 24816, 24817, 24818, 24819, 24820, 24821, 24822, 24823, 24824, 24825, 14801, 14802, 14803, 14804, 14805, 14806, 14807, 14808, 14809, 14810, 14811, 14812, 14813, 15201, 15202, 15203, 15204, 15205, 15206, 15207, 15208, 15209, 15210, 15211, 15212, 15213, 75204, 24826, 75222, 75205, 75211, 75209, 75202, 75228, 75208, 75215, 75229, 75223, 75203, 75230, 75206, 75213, 75201, 75224, 75214, 75225, 75212, 75207, 75226, 75210, 75227, 75221, 75216, 75218, 75220, 75217, 75219]"
1325218415084TTMX0,"[24801, 24802, 24803, 24804, 24805, 24806, 24807, 24808, 24809, 24810, 24811, 24812, 24813, 24814, 24815, 24816, 24817, 24818, 24819, 24820, 24821, 24822, 24823, 24824, 24825, 14801, 14802, 14803, 14804, 14805, 14806, 14807, 14808, 14809, 14810, 14811, 14812, 14813, 15201, 15202, 15203, 15204, 15205, 15206, 15207, 15208, 15209, 15210, 15211, 15212, 15213, 54801, 54802, 54803, 54804, 75204, 24826, 75222, 75205, 75211, 75209, 75202, 75228, 75208, 75215, 75229, 75223, 75203, 75230, 75206, 75213, 75201, 75224, 75214, 75225, 75212, 75207, 75226, 75210, 75227, 75221, 75216, 75218, 75220, 75217, 75219]"
1325218515088HURP0,"[4413, 4414, 4415, 4416, 4417, 4801, 4802, 9001, 9002, 9201, 9202, 9203, 9401, 9402, 9403, 9404, 9405, 9406, 9407, 9408, 9409, 9410, 9411, 9412, 9413, 9414, 9502, 9503, 9504, 9505, 9506, 9507, 24801, 24802, 24803, 24804, 24805, 24806, 24807, 24808, 24809, 24810, 24811, 24812, 24813, 24814, 24815, 24816, 24817, 24818, 24819, 24820, 24821, 24822, 24823, 24824, 24825, 14801, 14802, 14803, 14804, 14805, 14806, 14807, 14808, 14809, 14810, 14811, 14812, 14813, 15201, 15202, 15203, 15204, 15205, 15206, 15207, 15208, 15209, 15210, 15211, 15212, 15213, 54801, 54802, 54803, 54804, 75204, 24826, 75222, 75205, 75211, 75209, 75202, 75228, 75208, 75215, 75229, 75223, 75203, 75230, 75206, 75213, 75201, 75224, 75214, 75225, 75212, 75207, 75226, 75210, 75227, 75221, 75216, 75218, 75220, 75217, 75219]"
1225219015012NSTL0,"[4413, 4414, 4415, 4416, 4417, 4801, 4802, 9001, 9002, 9201, 9202, 9203, 9401, 9402, 9403, 9404, 9405, 9406, 9407, 9408, 9409, 9410, 9411, 9412, 9413, 9414]"
1325218515088HTMX0,"[24801, 24802, 24803, 24804, 24805, 24806, 24807, 24808, 24809, 24810, 24811, 24812, 24813, 24814, 24815, 24816, 24817, 24818, 24819, 24820, 24821, 24822, 24823, 24824, 24825, 14801, 14802, 14803, 14804, 14805, 14806, 14807, 14808, 14809, 14810, 14811, 14812, 14813, 15201, 15202, 15203, 15204, 15205, 15206, 15207, 15208, 15209, 15210, 15211, 15212, 15213, 75204, 24826, 75222, 75205, 75211, 75209, 75202, 75228, 75208, 75215, 75229, 75223, 75203, 75230, 75206, 75213, 75201, 75224, 75214, 75225, 75212, 75207, 75226, 75210, 75227, 75221, 75216, 75218, 75220, 75217, 75219]"
1225119015010QSTL0,"[4413, 4414, 4415, 4416, 4417, 4801, 4802, 9001, 9002, 9201, 9202, 9203, 9401, 9402, 9403, 9404, 9405, 9406, 9407, 9408, 9409, 9410, 9411, 9412, 9413, 9414]"
1325219415088VURL1,"[24801, 24802, 24803, 24804, 24805, 24806, 24807, 24808, 24809, 24810, 24811, 24812, 24813, 24814, 24815, 24816, 24817, 24818, 24819, 24820, 24821, 24822, 24823, 24824, 24825, 14801, 14802, 14803, 14804, 14805, 14806, 14807, 14808, 14809, 14810, 14811, 14812, 14813, 15201, 15202, 15203, 15204, 15205, 15206, 15207, 15208, 15209, 15210, 15211, 15212, 15213, 75204, 24826, 75222, 75205, 75211, 75209, 75202, 75228, 75208, 75215, 75229, 75223, 75203, 75230, 75206, 75213, 75201, 75224, 75214, 75225, 75212, 75207, 75226, 75210, 75227, 75221, 75216, 75218, 75220, 75217, 75219]"
1325217515084HURL3,"[24801, 24802, 24803, 24804, 24805, 24806, 24807, 24808, 24809, 24810, 24811, 24812, 24813, 24814, 24815, 24816, 24817, 24818, 24819, 24820, 24821, 24822, 24823, 24824, 24825, 14801, 14802, 14803, 14804, 14805, 14806, 14807, 14808, 14809, 14810, 14811, 14812, 14813, 15201, 15202, 15203, 15204, 15205, 15206, 15207, 15208, 15209, 15210, 15211, 15212, 15213, 54801, 54802, 54803, 54804, 75204, 24826, 75222, 75205, 75211, 75209, 75202, 75228, 75208, 75215, 75229, 75223, 75203, 75230, 75206, 75213, 75201, 75224, 75214, 75225, 75212, 75207, 75226, 75210, 75227, 75221, 75216, 75218, 75220, 75217, 75219]"
1225170015012NSTL0,"[4401, 4402, 4403, 4404, 4405, 4406, 4407, 4408, 4409, 4411, 4412, 4413, 4414, 4415, 4416, 4417, 4801, 4802, 4410, 4901, 4902, 4903, 4904, 4905, 4906, 4907, 4908, 4909, 4910, 4911, 4912, 4916, 4917, 4918, 4919, 4921, 4922, 4923, 4924, 4925, 8601, 8602, 8603, 8604, 8605, 8606, 8701, 8702, 9701, 9702, 9703, 9704, 9001, 9002, 9201, 9202, 9203, 9401, 9402, 9403, 9404, 9405, 9406, 9407, 9408, 9409, 9410, 9411, 9412, 9413, 9414]"
1325221715100SRHTS,"[24801, 24802, 24803, 24804, 24805, 24806, 24807, 24808, 24809, 24810, 24811, 24812, 24813, 24814, 24815, 24816, 24817, 24818, 24819, 24820, 24821, 24822, 24823, 24824, 24825, 14801, 14802, 14803, 14804, 14805, 14806, 14807, 14808, 14809, 14810, 14811, 14812, 14813, 15201, 15202, 15203, 15204, 15205, 15206, 15207, 15208, 15209, 15210, 15211, 15212, 15213, 54801, 54802, 54803, 54804, 75204, 24826, 75222, 75205, 75211, 75209, 75202, 75228, 75208, 75215, 75229, 75223, 75203, 75230, 75206, 75213, 75201, 75224, 75214, 75225, 75212, 75207, 75226, 75210, 75227, 75221, 75216, 75218, 75220, 75217, 75219]"
1225175015012LSTL0,"[4401, 4402, 4403, 4404, 4405, 4406, 4407, 4408, 4409, 4411, 4412, 4413, 4414, 4415, 4416, 4417, 4801, 4802, 4410, 4901, 4902, 4903, 4904, 4905, 4906, 4907, 4908, 4909, 4910, 4911, 4912, 4916, 4917, 4918, 4919, 4921, 4922, 4923, 4924, 4925, 8601, 8602, 8603, 8604, 8605, 8606, 8701, 8702, 9701, 9702, 9703, 9704, 9001, 9002, 9201, 9202, 9203, 9401, 9402, 9403, 9404, 9405, 9406, 9407, 9408, 9409, 9410, 9411, 9412, 9413, 9414]"
1325218615089HURL0,"[24801, 24802, 24803, 24804, 24805, 24806, 24807, 24808, 24809, 24810, 24811, 24812, 24813, 24814, 24815, 24816, 24817, 24818, 24819, 24820, 24821, 24822, 24823, 24824, 24825, 14801, 14802, 14803, 14804, 14805, 14806, 14807, 14808, 14809, 14810, 14811, 14812, 14813, 15201, 15202, 15203, 15204, 15205, 15206, 15207, 15208, 15209, 15210, 15211, 15212, 15213, 75204, 24826, 75222, 75205, 75211, 75209, 75202, 75228, 75208, 75215, 75229, 75223, 75203, 75230, 75206, 75213, 75201, 75224, 75214, 75225, 75212, 75207, 75226, 75210, 75227, 75221, 75216, 75218, 75220, 75217, 75219]"
1325219515091HULW0,"[24801, 24802, 24803, 24804, 24805, 24806, 24807, 24808, 24809, 24810, 24811, 24812, 24813, 24814, 24815, 24816, 24817, 24818, 24819, 24820, 24821, 24822, 24823, 24824, 24825, 14801, 14802, 14803, 14804, 14805, 14806, 14807, 14808, 14809, 14810, 14811, 14812, 14813, 15201, 15202, 15203, 15204, 15205, 15206, 15207, 15208, 15209, 15210, 15211, 15212, 15213, 75204, 24826, 75222, 75205, 75211, 75209, 75202, 75228, 75208, 75215, 75229, 75223, 75203, 75230, 75206, 75213, 75201, 75224, 75214, 75225, 75212, 75207, 75226, 75210, 75227, 75221, 75216, 75218, 75220, 75217, 75219]"
1325121715010SRBT0,"[4401, 4402, 4403, 4404, 4405, 4406, 4407, 4408, 4409, 4411, 4412, 4413, 4414, 4415, 4416, 4417, 4801, 4802, 4410, 4901, 4902, 4903, 4904, 4905, 4906, 4907, 4908, 4909, 4910, 4911, 4912, 4916, 4917, 4918, 4919, 4921, 4922, 4923, 4924, 4925, 8601, 8602, 8603, 8604, 8605, 8606, 8701, 8702, 9701, 9702, 9703, 9704, 9001, 9002, 9201, 9202, 9203, 9401, 9402, 9403, 9404, 9405, 9406, 9407, 9408, 9409, 9410, 9411, 9412, 9413, 9414]"
1325218515088TURS0,"[4413, 4414, 4415, 4416, 4417, 4801, 4802, 9001, 9002, 9201, 9202, 9203, 9401, 9402, 9403, 9404, 9405, 9406, 9407, 9408, 9409, 9410, 9411, 9412, 9413, 9414, 24801, 24802, 24803, 24804, 24805, 24806, 24807, 24808, 24809, 24810, 24811, 24812, 24813, 24814, 24815, 24816, 24817, 24818, 24819, 24820, 24821, 24822, 24823, 24824, 24825, 14801, 14802, 14803, 14804, 14805, 14806, 14807, 14808, 14809, 14810, 14811, 14812, 14813, 15201, 15202, 15203, 15204, 15205, 15206, 15207, 15208, 15209, 15210, 15211, 15212, 15213, 75204, 24826, 75222, 75205, 75211, 75209, 75202, 75228, 75208, 75215, 75229, 75223, 75203, 75230, 75206, 75213, 75201, 75224, 75214, 75225, 75212, 75207, 75226, 75210, 75227, 75221, 75216, 75218, 75220, 75217, 75219]"
1325221416095VURLT,"[4413, 4414, 4415, 4416, 4417, 4801, 4802, 9001, 9002, 9201, 9202, 9203, 9401, 9402, 9403, 9404, 9405, 9406, 9407, 9408, 9409, 9410, 9411, 9412, 9413, 9414, 24801, 24802, 24803, 24804, 24805, 24806, 24807, 24808, 24809, 24810, 24811, 24812, 24813, 24814, 24815, 24816, 24817, 24818, 24819, 24820, 24821, 24822, 24823, 24824, 24825, 14801, 14802, 14803, 14804, 14805, 14806, 14807, 14808, 14809, 14810, 14811, 14812, 14813, 15201, 15202, 15203, 15204, 15205, 15206, 15207, 15208, 15209, 15210, 15211, 15212, 15213, 75204, 24826, 75222, 75205, 75211, 75209, 75202, 75228, 75208, 75215, 75229, 75223, 75203, 75230, 75206, 75213, 75201, 75224, 75214, 75225, 75212, 75207, 75226, 75210, 75227, 75221, 75216, 75218, 75220, 75217, 75219]"
1325221416095VURL0,"[4413, 4414, 4415, 4416, 4417, 4801, 4802, 9001, 9002, 9201, 9202, 9203, 9401, 9402, 9403, 9404, 9405, 9406, 9407, 9408, 9409, 9410, 9411, 9412, 9413, 9414, 24801, 24802, 24803, 24804, 24805, 24806, 24807, 24808, 24809, 24810, 24811, 24812, 24813, 24814, 24815, 24816, 24817, 24818, 24819, 24820, 24821, 24822, 24823, 24824, 24825, 14801, 14802, 14803, 14804, 14805, 14806, 14807, 14808, 14809, 14810, 14811, 14812, 14813, 15201, 15202, 15203, 15204, 15205, 15206, 15207, 15208, 15209, 15210, 15211, 15212, 15213, 75204, 24826, 75222, 75205, 75211, 75209, 75202, 75228, 75208, 75215, 75229, 75223, 75203, 75230, 75206, 75213, 75201, 75224, 75214, 75225, 75212, 75207, 75226, 75210, 75227, 75221, 75216, 75218, 75220, 75217, 75219]"
1225220Z16008RXC10,"[4413, 4414, 4415, 4416, 4417, 4801, 4802, 9001, 9002, 9201, 9202, 9203, 9401, 9402, 9403, 9404, 9405, 9406, 9407, 9408, 9409, 9410, 9411, 9412, 9413, 9414, 24801, 24802, 24803, 24804, 24805, 24806, 24807, 24808, 24809, 24810, 24811, 24812, 24813, 24814, 24815, 24816, 24817, 24818, 24819, 24820, 24821, 24822, 24823, 24824, 24825, 14801, 14802, 14803, 14804, 14805, 14806, 14807, 14808, 14809, 14810, 14811, 14812, 14813, 15201, 15202, 15203, 15204, 15205, 15206, 15207, 15208, 15209, 15210, 15211, 15212, 15213, 75204, 24826, 75222, 75205, 75211, 75209, 75202, 75228, 75208, 75215, 75229, 75223, 75203, 75230, 75206, 75213, 75201, 75224, 75214, 75225, 75212, 75207, 75226, 75210, 75227, 75221, 75216, 75218, 75220, 75217, 75219]"
1325220416092VURL0,"[4413, 4414, 4415, 4416, 4417, 4801, 4802, 9001, 9002, 9201, 9202, 9203, 9401, 9402, 9403, 9404, 9405, 9406, 9407, 9408, 9409, 9410, 9411, 9412, 9413, 9414, 24801, 24802, 24803, 24804, 24805, 24806, 24807, 24808, 24809, 24810, 24811, 24812, 24813, 24814, 24815, 24816, 24817, 24818, 24819, 24820, 24821, 24822, 24823, 24824, 24825, 14801, 14802, 14803, 14804, 14805, 14806, 14807, 14808, 14809, 14810, 14811, 14812, 14813, 15201, 15202, 15203, 15204, 15205, 15206, 15207, 15208, 15209, 15210, 15211, 15212, 15213, 54801, 54802, 54803, 54804, 75204, 24826, 75222, 75205, 75211, 75209, 75202, 75228, 75208, 75215, 75229, 75223, 75203, 75230, 75206, 75213, 75201, 75224, 75214, 75225, 75212, 75207, 75226, 75210, 75227, 75221, 75216, 75218, 75220, 75217, 75219]"
1325219316087VURL0,"[24801, 24802, 24803, 24804, 24805, 24806, 24807, 24808, 24809, 24810, 24811, 24812, 24813, 24814, 24815, 24816, 24817, 24818, 24819, 24820, 24821, 24822, 24823, 24824, 24825, 14801, 14802, 14803, 14804, 14805, 14806, 14807, 14808, 14809, 14810, 14811, 14812, 14813, 15201, 15202, 15203, 15204, 15205, 15206, 15207, 15208, 15209, 15210, 15211, 15212, 15213, 54801, 54802, 54803, 54804, 75204, 24826, 75222, 75205, 75211, 75209, 75202, 75228, 75208, 75215, 75229, 75223, 75203, 75230, 75206, 75213, 75201, 75224, 75214, 75225, 75212, 75207, 75226, 75210, 75227, 75221, 75216, 75218, 75220, 75217, 75219]"
1225223516121PSKP0,"[14801, 14802, 14803, 14804, 14805, 14806, 14807, 14808, 14809, 14810, 14811, 14812, 14813, 15201, 15202, 15203, 15204, 15205, 15206, 15207, 15208, 15209, 15210, 15211, 15212, 15213, 75204, 75222, 75205, 75211, 75209, 75202, 75228, 75208, 75215, 75229, 75223, 75203, 75230, 75206, 75213, 75201, 75224, 75214, 75225, 75212, 75207, 75226, 75210, 75227, 75221, 75216, 75218, 75220, 75217, 75219]"
1325220316094VUX10,"[24801, 24802, 24803, 24804, 24805, 24806, 24807, 24808, 24809, 24810, 24811, 24812, 24813, 24814, 24815, 24816, 24817, 24818, 24819, 24820, 24821, 24822, 24823, 24824, 24825, 14801, 14802, 14803, 14804, 14805, 14806, 14807, 14808, 14809, 14810, 14811, 14812, 14813, 15201, 15202, 15203, 15204, 15205, 15206, 15207, 15208, 15209, 15210, 15211, 15212, 15213, 75204, 24826, 75222, 75205, 75211, 75209, 75202, 75228, 75208, 75215, 75229, 75223, 75203, 75230, 75206, 75213, 75201, 75224, 75214, 75225, 75212, 75207, 75226, 75210, 75227, 75221, 75216, 75218, 75220, 75217, 75219]"
1225222716121MXC11,"[4413, 4414, 4415, 4416, 4417, 4801, 4802, 9001, 9002, 9201, 9202, 9203, 9401, 9402, 9403, 9404, 9405, 9406, 9407, 9408, 9409, 9410, 9411, 9412, 9413, 9414]"
1225121716010SXC10,"[14801, 14802, 14803, 14804, 14805, 14806, 14807, 14808, 14809, 14810, 14811, 14812, 14813, 15201, 15202, 15203, 15204, 15205, 15206, 15207, 15208, 15209, 15210, 15211, 15212, 15213, 75204, 75222, 75205, 75211, 75209, 75202, 75228, 75208, 75215, 75229, 75223, 75203, 75230, 75206, 75213, 75201, 75224, 75214, 75225, 75212, 75207, 75226, 75210, 75227, 75221, 75216, 75218, 75220, 75217, 75219]"
1225223516115PSKP0,"[14801, 14802, 14803, 14804, 14805, 14806, 14807, 14808, 14809, 14810, 14811, 14812, 14813, 15201, 15202, 15203, 15204, 15205, 15206, 15207, 15208, 15209, 15210, 15211, 15212, 15213, 75204, 75222, 75205, 75211, 75209, 75202, 75228, 75208, 75215, 75229, 75223, 75203, 75230, 75206, 75213, 75201, 75224, 75214, 75225, 75212, 75207, 75226, 75210, 75227, 75221, 75216, 75218, 75220, 75217, 75219]"
1F25219516600DXRT1,"[4413, 4414, 4415, 4416, 4417, 4801, 4802, 9001, 9002, 9201, 9202, 9203, 9401, 9402, 9403, 9404, 9405, 9406, 9407, 9408, 9409, 9410, 9411, 9412, 9413, 9414]"
1325220516095HUTR0,"[24801, 24802, 24803, 24804, 24805, 24806, 24807, 24808, 24809, 24810, 24811, 24812, 24813, 24814, 24815, 24816, 24817, 24818, 24819, 24820, 24821, 24822, 24823, 24824, 24825, 14801, 14802, 14803, 14804, 14805, 14806, 14807, 14808, 14809, 14810, 14811, 14812, 14813, 15201, 15202, 15203, 15204, 15205, 15206, 15207, 15208, 15209, 15210, 15211, 15212, 15213, 75204, 24826, 75222, 75205, 75211, 75209, 75202, 75228, 75208, 75215, 75229, 75223, 75203, 75230, 75206, 75213, 75201, 75224, 75214, 75225, 75212, 75207, 75226, 75210, 75227, 75221, 75216, 75218, 75220, 75217, 75219]"
1225221716010SXC10,"[14801, 14802, 14803, 14804, 14805, 14806, 14807, 14808, 14809, 14810, 14811, 14812, 14813, 15201, 15202, 15203, 15204, 15205, 15206, 15207, 15208, 15209, 15210, 15211, 15212, 15213, 75204, 75222, 75205, 75211, 75209, 75202, 75228, 75208, 75215, 75229, 75223, 75203, 75230, 75206, 75213, 75201, 75224, 75214, 75225, 75212, 75207, 75226, 75210, 75227, 75221, 75216, 75218, 75220, 75217, 75219]"
1325219316087VUTR0,"[24801, 24802, 24803, 24804, 24805, 24806, 24807, 24808, 24809, 24810, 24811, 24812, 24813, 24814, 24815, 24816, 24817, 24818, 24819, 24820, 24821, 24822, 24823, 24824, 24825, 14801, 14802, 14803, 14804, 14805, 14806, 14807, 14808, 14809, 14810, 14811, 14812, 14813, 15201, 15202, 15203, 15204, 15205, 15206, 15207, 15208, 15209, 15210, 15211, 15212, 15213, 75204, 24826, 75222, 75205, 75211, 75209, 75202, 75228, 75208, 75215, 75229, 75223, 75203, 75230, 75206, 75213, 75201, 75224, 75214, 75225, 75212, 75207, 75226, 75210, 75227, 75221, 75216, 75218, 75220, 75217, 75219]"
1225175016012NJTL0,"[15201, 15202, 15203, 15204, 15205, 15206, 15207, 15208, 15209, 15210, 15211, 15212, 15213, 75204, 75222, 75205, 75211, 75209, 75202, 75228, 75208, 75215, 75229, 75223, 75203, 75230, 75206, 75213, 75201, 75224, 75214, 75225, 75212, 75207, 75226, 75210, 75227, 75221, 75216, 75218, 75220, 75217, 75219]"
1325220316091VURL1,"[24801, 24802, 24803, 24804, 24805, 24806, 24807, 24808, 24809, 24810, 24811, 24812, 24813, 24814, 24815, 24816, 24817, 24818, 24819, 24820, 24821, 24822, 24823, 24824, 24825, 14801, 14802, 14803, 14804, 14805, 14806, 14807, 14808, 14809, 14810, 14811, 14812, 14813, 15201, 15202, 15203, 15204, 15205, 15206, 15207, 15208, 15209, 15210, 15211, 15212, 15213, 75204, 24826, 75222, 75205, 75211, 75209, 75202, 75228, 75208, 75215, 75229, 75223, 75203, 75230, 75206, 75213, 75201, 75224, 75214, 75225, 75212, 75207, 75226, 75210, 75227, 75221, 75216, 75218, 75220, 75217, 75219]"
1425118916008QRBT0,"[4401, 4402, 4403, 4404, 4405, 4406, 4407, 4408, 4409, 4411, 4412, 4413, 4414, 4415, 4416, 4417, 4801, 4802, 4410, 4901, 4902, 4903, 4904, 4905, 4906, 4907, 4908, 4909, 4910, 4911, 4912, 4916, 4917, 4918, 4919, 4921, 4922, 4923, 4924, 4925, 8601, 8602, 8603, 8604, 8605, 8606, 8701, 8702, 9701, 9702, 9703, 9704, 9001, 9002, 9201, 9202, 9203, 9401, 9402, 9403, 9404, 9405, 9406, 9407, 9408, 9409, 9410, 9411, 9412, 9413, 9414]"
1325223916120QRAB0,"[15201, 15202, 15203, 15204, 15205, 15206, 15207, 15208, 15209, 15210, 15211, 15212, 15213, 75204, 75222, 75205, 75211, 75209, 75202, 75228, 75208, 75215, 75229, 75223, 75203, 75230, 75206, 75213, 75201, 75224, 75214, 75225, 75212, 75207, 75226, 75210, 75227, 75221, 75216, 75218, 75220, 75217, 75219]"
1325219316087VURP0,"[24801, 24802, 24803, 24804, 24805, 24806, 24807, 24808, 24809, 24810, 24811, 24812, 24813, 24814, 24815, 24816, 24817, 24818, 24819, 24820, 24821, 24822, 24823, 24824, 24825, 14801, 14802, 14803, 14804, 14805, 14806, 14807, 14808, 14809, 14810, 14811, 14812, 14813, 15201, 15202, 15203, 15204, 15205, 15206, 15207, 15208, 15209, 15210, 15211, 15212, 15213, 75204, 24826, 75222, 75205, 75211, 75209, 75202, 75228, 75208, 75215, 75229, 75223, 75203, 75230, 75206, 75213, 75201, 75224, 75214, 75225, 75212, 75207, 75226, 75210, 75227, 75221, 75216, 75218, 75220, 75217, 75219]"
1325219416089HRHE0,"[24801, 24802, 24803, 24804, 24805, 24806, 24807, 24808, 24809, 24810, 24811, 24812, 24813, 24814, 24815, 24816, 24817, 24818, 24819, 24820, 24821, 24822, 24823, 24824, 24825, 14801, 14802, 14803, 14804, 14805, 14806, 14807, 14808, 14809, 14810, 14811, 14812, 14813, 15201, 15202, 15203, 15204, 15205, 15206, 15207, 15208, 15209, 15210, 15211, 15212, 15213, 75204, 24826, 75222, 75205, 75211, 75209, 75202, 75228, 75208, 75215, 75229, 75223, 75203, 75230, 75206, 75213, 75201, 75224, 75214, 75225, 75212, 75207, 75226, 75210, 75227, 75221, 75216, 75218, 75220, 75217, 75219]"
1325219416089VURL0,"[24801, 24802, 24803, 24804, 24805, 24806, 24807, 24808, 24809, 24810, 24811, 24812, 24813, 24814, 24815, 24816, 24817, 24818, 24819, 24820, 24821, 24822, 24823, 24824, 24825, 14801, 14802, 14803, 14804, 14805, 14806, 14807, 14808, 14809, 14810, 14811, 14812, 14813, 15201, 15202, 15203, 15204, 15205, 15206, 15207, 15208, 15209, 15210, 15211, 15212, 15213, 75204, 24826, 75222, 75205, 75211, 75209, 75202, 75228, 75208, 75215, 75229, 75223, 75203, 75230, 75206, 75213, 75201, 75224, 75214, 75225, 75212, 75207, 75226, 75210, 75227, 75221, 75216, 75218, 75220, 75217, 75219]"
1325228716126KRMT0,"[15201, 15202, 15203, 15204, 15205, 15206, 15207, 15208, 15209, 15210, 15211, 15212, 15213, 75204, 75222, 75205, 75211, 75209, 75202, 75228, 75208, 75215, 75229, 75223, 75203, 75230, 75206, 75213, 75201, 75224, 75214, 75225, 75212, 75207, 75226, 75210, 75227, 75221, 75216, 75218, 75220, 75217, 75219]"
1325223616105HRHT0,"[24801, 24802, 24803, 24804, 24805, 24806, 24807, 24808, 24809, 24810, 24811, 24812, 24813, 24814, 24815, 24816, 24817, 24818, 24819, 24820, 24821, 24822, 24823, 24824, 24825, 14801, 14802, 14803, 14804, 14805, 14806, 14807, 14808, 14809, 14810, 14811, 14812, 14813, 15201, 15202, 15203, 15204, 15205, 15206, 15207, 15208, 15209, 15210, 15211, 15212, 15213, 75204, 24826, 75222, 75205, 75211, 75209, 75202, 75228, 75208, 75215, 75229, 75223, 75203, 75230, 75206, 75213, 75201, 75224, 75214, 75225, 75212, 75207, 75226, 75210, 75227, 75221, 75216, 75218, 75220, 75217, 75219]"
1325221416095VURL1,"[24801, 24802, 24803, 24804, 24805, 24806, 24807, 24808, 24809, 24810, 24811, 24812, 24813, 24814, 24815, 24816, 24817, 24818, 24819, 24820, 24821, 24822, 24823, 24824, 24825, 14801, 14802, 14803, 14804, 14805, 14806, 14807, 14808, 14809, 14810, 14811, 14812, 14813, 15201, 15202, 15203, 15204, 15205, 15206, 15207, 15208, 15209, 15210, 15211, 15212, 15213, 75204, 24826, 75222, 75205, 75211, 75209, 75202, 75228, 75208, 75215, 75229, 75223, 75203, 75230, 75206, 75213, 75201, 75224, 75214, 75225, 75212, 75207, 75226, 75210, 75227, 75221, 75216, 75218, 75220, 75217, 75219]"
1225222716121NXC11,"[4413, 4414, 4415, 4416, 4417, 4801, 4802, 9001, 9002, 9201, 9202, 9203, 9401, 9402, 9403, 9404, 9405, 9406, 9407, 9408, 9409, 9410, 9411, 9412, 9413, 9414]"
1325220416092VURP0,"[24801, 24802, 24803, 24804, 24805, 24806, 24807, 24808, 24809, 24810, 24811, 24812, 24813, 24814, 24815, 24816, 24817, 24818, 24819, 24820, 24821, 24822, 24823, 24824, 24825, 14801, 14802, 14803, 14804, 14805, 14806, 14807, 14808, 14809, 14810, 14811, 14812, 14813, 15201, 15202, 15203, 15204, 15205, 15206, 15207, 15208, 15209, 15210, 15211, 15212, 15213, 75204, 24826, 75222, 75205, 75211, 75209, 75202, 75228, 75208, 75215, 75229, 75223, 75203, 75230, 75206, 75213, 75201, 75224, 75214, 75225, 75212, 75207, 75226, 75210, 75227, 75221, 75216, 75218, 75220, 75217, 75219]"
1325220516095HTMX0,"[24801, 24802, 24803, 24804, 24805, 24806, 24807, 24808, 24809, 24810, 24811, 24812, 24813, 24814, 24815, 24816, 24817, 24818, 24819, 24820, 24821, 24822, 24823, 24824, 24825, 14801, 14802, 14803, 14804, 14805, 14806, 14807, 14808, 14809, 14810, 14811, 14812, 14813, 15201, 15202, 15203, 15204, 15205, 15206, 15207, 15208, 15209, 15210, 15211, 15212, 15213, 75204, 24826, 75222, 75205, 75211, 75209, 75202, 75228, 75208, 75215, 75229, 75223, 75203, 75230, 75206, 75213, 75201, 75224, 75214, 75225, 75212, 75207, 75226, 75210, 75227, 75221, 75216, 75218, 75220, 75217, 75219]"
1325218416086VURL0,"[24801, 24802, 24803, 24804, 24805, 24806, 24807, 24808, 24809, 24810, 24811, 24812, 24813, 24814, 24815, 24816, 24817, 24818, 24819, 24820, 24821, 24822, 24823, 24824, 24825, 14801, 14802, 14803, 14804, 14805, 14806, 14807, 14808, 14809, 14810, 14811, 14812, 14813, 15201, 15202, 15203, 15204, 15205, 15206, 15207, 15208, 15209, 15210, 15211, 15212, 15213, 75204, 24826, 75222, 75205, 75211, 75209, 75202, 75228, 75208, 75215, 75229, 75223, 75203, 75230, 75206, 75213, 75201, 75224, 75214, 75225, 75212, 75207, 75226, 75210, 75227, 75221, 75216, 75218, 75220, 75217, 75219]"
1325221416095HURL0,"[24801, 24802, 24803, 24804, 24805, 24806, 24807, 24808, 24809, 24810, 24811, 24812, 24813, 24814, 24815, 24816, 24817, 24818, 24819, 24820, 24821, 24822, 24823, 24824, 24825, 14801, 14802, 14803, 14804, 14805, 14806, 14807, 14808, 14809, 14810, 14811, 14812, 14813, 15201, 15202, 15203, 15204, 15205, 15206, 15207, 15208, 15209, 15210, 15211, 15212, 15213, 75204, 24826, 75222, 75205, 75211, 75209, 75202, 75228, 75208, 75215, 75229, 75223, 75203, 75230, 75206, 75213, 75201, 75224, 75214, 75225, 75212, 75207, 75226, 75210, 75227, 75221, 75216, 75218, 75220, 75217, 75219]"
1325220516095HURL3,"[24801, 24802, 24803, 24804, 24805, 24806, 24807, 24808, 24809, 24810, 24811, 24812, 24813, 24814, 24815, 24816, 24817, 24818, 24819, 24820, 24821, 24822, 24823, 24824, 24825, 14801, 14802, 14803, 14804, 14805, 14806, 14807, 14808, 14809, 14810, 14811, 14812, 14813, 15201, 15202, 15203, 15204, 15205, 15206, 15207, 15208, 15209, 15210, 15211, 15212, 15213, 75204, 24826, 75222, 75205, 75211, 75209, 75202, 75228, 75208, 75215, 75229, 75223, 75203, 75230, 75206, 75213, 75201, 75224, 75214, 75225, 75212, 75207, 75226, 75210, 75227, 75221, 75216, 75218, 75220, 75217, 75219]"
1325221416095VURS0,"[24801, 24802, 24803, 24804, 24805, 24806, 24807, 24808, 24809, 24810, 24811, 24812, 24813, 24814, 24815, 24816, 24817, 24818, 24819, 24820, 24821, 24822, 24823, 24824, 24825, 14801, 14802, 14803, 14804, 14805, 14806, 14807, 14808, 14809, 14810, 14811, 14812, 14813, 15201, 15202, 15203, 15204, 15205, 15206, 15207, 15208, 15209, 15210, 15211, 15212, 15213, 75204, 24826, 75222, 75205, 75211, 75209, 75202, 75228, 75208, 75215, 75229, 75223, 75203, 75230, 75206, 75213, 75201, 75224, 75214, 75225, 75212, 75207, 75226, 75210, 75227, 75221, 75216, 75218, 75220, 75217, 75219]"
1225223516121RBVNE,"[14801, 14802, 14803, 14804, 14805, 14806, 14807, 14808, 14809, 14810, 14811, 14812, 14813, 15201, 15202, 15203, 15204, 15205, 15206, 15207, 15208, 15209, 15210, 15211, 15212, 15213, 75204, 75222, 75205, 75211, 75209, 75202, 75228, 75208, 75215, 75229, 75223, 75203, 75230, 75206, 75213, 75201, 75224, 75214, 75225, 75212, 75207, 75226, 75210, 75227, 75221, 75216, 75218, 75220, 75217, 75219]"
1325223616106HRHR0,"[14801, 14802, 14803, 14804, 14805, 14806, 14807, 14808, 14809, 14810, 14811, 14812, 14813, 15201, 15202, 15203, 15204, 15205, 15206, 15207, 15208, 15209, 15210, 15211, 15212, 15213, 75204, 75222, 75205, 75211, 75209, 75202, 75228, 75208, 75215, 75229, 75223, 75203, 75230, 75206, 75213, 75201, 75224, 75214, 75225, 75212, 75207, 75226, 75210, 75227, 75221, 75216, 75218, 75220, 75217, 75219]"
1225223516121RBVN0,"[14801, 14802, 14803, 14804, 14805, 14806, 14807, 14808, 14809, 14810, 14811, 14812, 14813, 15201, 15202, 15203, 15204, 15205, 15206, 15207, 15208, 15209, 15210, 15211, 15212, 15213, 75204, 75222, 75205, 75211, 75209, 75202, 75228, 75208, 75215, 75229, 75223, 75203, 75230, 75206, 75213, 75201, 75224, 75214, 75225, 75212, 75207, 75226, 75210, 75227, 75221, 75216, 75218, 75220, 75217, 75219]"
1325221317098VUX10,"[24801, 24802, 24803, 24804, 24805, 24806, 24807, 24808, 24809, 24810, 24811, 24812, 24813, 24814, 24815, 24816, 24817, 24818, 24819, 24820, 24821, 24822, 24823, 24824, 24825, 14801, 14802, 14803, 14804, 14805, 14806, 14807, 14808, 14809, 14810, 14811, 14812, 14813, 15201, 15202, 15203, 15204, 15205, 15206, 15207, 15208, 15209, 15210, 15211, 15212, 15213, 75204, 24826, 75222, 75205, 75211, 75209, 75202, 75228, 75208, 75215, 75229, 75223, 75203, 75230, 75206, 75213, 75201, 75224, 75214, 75225, 75212, 75207, 75226, 75210, 75227, 75221, 75216, 75218, 75220, 75217, 75219]"
1325221417096HRHT0,"[24801, 24802, 24803, 24804, 24805, 24806, 24807, 24808, 24809, 24810, 24811, 24812, 24813, 24814, 24815, 24816, 24817, 24818, 24819, 24820, 24821, 24822, 24823, 24824, 24825, 14801, 14802, 14803, 14804, 14805, 14806, 14807, 14808, 14809, 14810, 14811, 14812, 14813, 15201, 15202, 15203, 15204, 15205, 15206, 15207, 15208, 15209, 15210, 15211, 15212, 15213, 75204, 24826, 75222, 75205, 75211, 75209, 75202, 75228, 75208, 75215, 75229, 75223, 75203, 75230, 75206, 75213, 75201, 75224, 75214, 75225, 75212, 75207, 75226, 75210, 75227, 75221, 75216, 75218, 75220, 75217, 75219]"
1325223517104HETR0,"[24801, 24802, 24803, 24804, 24805, 24806, 24807, 24808, 24809, 24810, 24811, 24812, 24813, 24814, 24815, 24816, 24817, 24818, 24819, 24820, 24821, 24822, 24823, 24824, 24825, 14801, 14802, 14803, 14804, 14805, 14806, 14807, 14808, 14809, 14810, 14811, 14812, 14813, 15201, 15202, 15203, 15204, 15205, 15206, 15207, 15208, 15209, 15210, 15211, 15212, 15213, 75204, 24826, 75222, 75205, 75211, 75209, 75202, 75228, 75208, 75215, 75229, 75223, 75203, 75230, 75206, 75213, 75201, 75224, 75214, 75225, 75212, 75207, 75226, 75210, 75227, 75221, 75216, 75218, 75220, 75217, 75219]"
1325223517104HRHT0,"[24801, 24802, 24803, 24804, 24805, 24806, 24807, 24808, 24809, 24810, 24811, 24812, 24813, 24814, 24815, 24816, 24817, 24818, 24819, 24820, 24821, 24822, 24823, 24824, 24825, 14801, 14802, 14803, 14804, 14805, 14806, 14807, 14808, 14809, 14810, 14811, 14812, 14813, 15201, 15202, 15203, 15204, 15205, 15206, 15207, 15208, 15209, 15210, 15211, 15212, 15213, 75204, 24826, 75222, 75205, 75211, 75209, 75202, 75228, 75208, 75215, 75229, 75223, 75203, 75230, 75206, 75213, 75201, 75224, 75214, 75225, 75212, 75207, 75226, 75210, 75227, 75221, 75216, 75218, 75220, 75217, 75219]"
1325226517112HRHT0,"[15201, 15202, 15203, 15204, 15205, 15206, 15207, 15208, 15209, 15210, 15211, 15212, 15213, 75204, 75222, 75205, 75211, 75209, 75202, 75228, 75208, 75215, 75229, 75223, 75203, 75230, 75206, 75213, 75201, 75224, 75214, 75225, 75212, 75207, 75226, 75210, 75227, 75221, 75216, 75218, 75220, 75217, 75219]"
1325222317101VUX10,"[24801, 24802, 24803, 24804, 24805, 24806, 24807, 24808, 24809, 24810, 24811, 24812, 24813, 24814, 24815, 24816, 24817, 24818, 24819, 24820, 24821, 24822, 24823, 24824, 24825, 14801, 14802, 14803, 14804, 14805, 14806, 14807, 14808, 14809, 14810, 14811, 14812, 14813, 15201, 15202, 15203, 15204, 15205, 15206, 15207, 15208, 15209, 15210, 15211, 15212, 15213, 75204, 24826, 75222, 75205, 75211, 75209, 75202, 75228, 75208, 75215, 75229, 75223, 75203, 75230, 75206, 75213, 75201, 75224, 75214, 75225, 75212, 75207, 75226, 75210, 75227, 75221, 75216, 75218, 75220, 75217, 75219]"
1325222417099HURL0,"[24801, 24802, 24803, 24804, 24805, 24806, 24807, 24808, 24809, 24810, 24811, 24812, 24813, 24814, 24815, 24816, 24817, 24818, 24819, 24820, 24821, 24822, 24823, 24824, 24825, 14801, 14802, 14803, 14804, 14805, 14806, 14807, 14808, 14809, 14810, 14811, 14812, 14813, 15201, 15202, 15203, 15204, 15205, 15206, 15207, 15208, 15209, 15210, 15211, 15212, 15213, 75204, 24826, 75222, 75205, 75211, 75209, 75202, 75228, 75208, 75215, 75229, 75223, 75203, 75230, 75206, 75213, 75201, 75224, 75214, 75225, 75212, 75207, 75226, 75210, 75227, 75221, 75216, 75218, 75220, 75217, 75219]"
1325223317103VUX10,"[24801, 24802, 24803, 24804, 24805, 24806, 24807, 24808, 24809, 24810, 24811, 24812, 24813, 24814, 24815, 24816, 24817, 24818, 24819, 24820, 24821, 24822, 24823, 24824, 24825, 14801, 14802, 14803, 14804, 14805, 14806, 14807, 14808, 14809, 14810, 14811, 14812, 14813, 15201, 15202, 15203, 15204, 15205, 15206, 15207, 15208, 15209, 15210, 15211, 15212, 15213, 75204, 24826, 75222, 75205, 75211, 75209, 75202, 75228, 75208, 75215, 75229, 75223, 75203, 75230, 75206, 75213, 75201, 75224, 75214, 75225, 75212, 75207, 75226, 75210, 75227, 75221, 75216, 75218, 75220, 75217, 75219]"
1325222217098VUX10,"[24801, 24802, 24803, 24804, 24805, 24806, 24807, 24808, 24809, 24810, 24811, 24812, 24813, 24814, 24815, 24816, 24817, 24818, 24819, 24820, 24821, 24822, 24823, 24824, 24825, 14801, 14802, 14803, 14804, 14805, 14806, 14807, 14808, 14809, 14810, 14811, 14812, 14813, 15201, 15202, 15203, 15204, 15205, 15206, 15207, 15208, 15209, 15210, 15211, 15212, 15213, 75204, 24826, 75222, 75205, 75211, 75209, 75202, 75228, 75208, 75215, 75229, 75223, 75203, 75230, 75206, 75213, 75201, 75224, 75214, 75225, 75212, 75207, 75226, 75210, 75227, 75221, 75216, 75218, 75220, 75217, 75219]"
1325223317099VUX10,"[24801, 24802, 24803, 24804, 24805, 24806, 24807, 24808, 24809, 24810, 24811, 24812, 24813, 24814, 24815, 24816, 24817, 24818, 24819, 24820, 24821, 24822, 24823, 24824, 24825, 14801, 14802, 14803, 14804, 14805, 14806, 14807, 14808, 14809, 14810, 14811, 14812, 14813, 15201, 15202, 15203, 15204, 15205, 15206, 15207, 15208, 15209, 15210, 15211, 15212, 15213, 75204, 24826, 75222, 75205, 75211, 75209, 75202, 75228, 75208, 75215, 75229, 75223, 75203, 75230, 75206, 75213, 75201, 75224, 75214, 75225, 75212, 75207, 75226, 75210, 75227, 75221, 75216, 75218, 75220, 75217, 75219]"
1325223517104HBHT0,"[24801, 24802, 24803, 24804, 24805, 24806, 24807, 24808, 24809, 24810, 24811, 24812, 24813, 24814, 24815, 24816, 24817, 24818, 24819, 24820, 24821, 24822, 24823, 24824, 24825, 14801, 14802, 14803, 14804, 14805, 14806, 14807, 14808, 14809, 14810, 14811, 14812, 14813, 15201, 15202, 15203, 15204, 15205, 15206, 15207, 15208, 15209, 15210, 15211, 15212, 15213, 75204, 24826, 75222, 75205, 75211, 75209, 75202, 75228, 75208, 75215, 75229, 75223, 75203, 75230, 75206, 75213, 75201, 75224, 75214, 75225, 75212, 75207, 75226, 75210, 75227, 75221, 75216, 75218, 75220, 75217, 75219]"
1325221417100HURL1,"[24801, 24802, 24803, 24804, 24805, 24806, 24807, 24808, 24809, 24810, 24811, 24812, 24813, 24814, 24815, 24816, 24817, 24818, 24819, 24820, 24821, 24822, 24823, 24824, 24825, 14801, 14802, 14803, 14804, 14805, 14806, 14807, 14808, 14809, 14810, 14811, 14812, 14813, 15201, 15202, 15203, 15204, 15205, 15206, 15207, 15208, 15209, 15210, 15211, 15212, 15213, 75204, 24826, 75222, 75205, 75211, 75209, 75202, 75228, 75208, 75215, 75229, 75223, 75203, 75230, 75206, 75213, 75201, 75224, 75214, 75225, 75212, 75207, 75226, 75210, 75227, 75221, 75216, 75218, 75220, 75217, 75219]"
1325223517104HRPG0,"[24801, 24802, 24803, 24804, 24805, 24806, 24807, 24808, 24809, 24810, 24811, 24812, 24813, 24814, 24815, 24816, 24817, 24818, 24819, 24820, 24821, 24822, 24823, 24824, 24825, 14801, 14802, 14803, 14804, 14805, 14806, 14807, 14808, 14809, 14810, 14811, 14812, 14813, 15201, 15202, 15203, 15204, 15205, 15206, 15207, 15208, 15209, 15210, 15211, 15212, 15213, 75204, 24826, 75222, 75205, 75211, 75209, 75202, 75228, 75208, 75215, 75229, 75223, 75203, 75230, 75206, 75213, 75201, 75224, 75214, 75225, 75212, 75207, 75226, 75210, 75227, 75221, 75216, 75218, 75220, 75217, 75219]"
1325226517112HBHT0,"[24801, 24802, 24803, 24804, 24805, 24806, 24807, 24808, 24809, 24810, 24811, 24812, 24813, 24814, 24815, 24816, 24817, 24818, 24819, 24820, 24821, 24822, 24823, 24824, 24825, 15201, 15202, 15203, 15204, 15205, 15206, 15207, 15208, 15209, 15210, 15211, 15212, 15213, 75204, 24826, 75222, 75205, 75211, 75209, 75202, 75228, 75208, 75215, 75229, 75223, 75203, 75230, 75206, 75213, 75201, 75224, 75214, 75225, 75212, 75207, 75226, 75210, 75227, 75221, 75216, 75218, 75220, 75217, 75219]"
1325225517114TRHB0,[]
1325221417100HURS0,"[24801, 24802, 24803, 24804, 24805, 24806, 24807, 24808, 24809, 24810, 24811, 24812, 24813, 24814, 24815, 24816, 24817, 24818, 24819, 24820, 24821, 24822, 24823, 24824, 24825, 14801, 14802, 14803, 14804, 14805, 14806, 14807, 14808, 14809, 14810, 14811, 14812, 14813, 15201, 15202, 15203, 15204, 15205, 15206, 15207, 15208, 15209, 15210, 15211, 15212, 15213, 75204, 24826, 75222, 75205, 75211, 75209, 75202, 75228, 75208, 75215, 75229, 75223, 75203, 75230, 75206, 75213, 75201, 75224, 75214, 75225, 75212, 75207, 75226, 75210, 75227, 75221, 75216, 75218, 75220, 75217, 75219]"
1325221318099HURL0,"[15201, 15202, 15203, 15204, 15205, 15206, 15207, 15208, 15209, 15210, 15211, 15212, 15213, 75204, 75222, 75205, 75211, 75209, 75202, 75228, 75208, 75215, 75229, 75223, 75203, 75230, 75206, 75213, 75201, 75224, 75214, 75225, 75212, 75207, 75226, 75210, 75227, 75221, 75216, 75218, 75220, 75217, 75219]"
1325225518115QRAT0,"[14801, 14802, 14803, 14804, 14805, 14806, 14807, 14808, 14809, 14810, 14811, 14812, 14813, 15201, 15202, 15203, 15204, 15205, 15206, 15207, 15208, 15209, 15210, 15211, 15212, 15213, 75204, 75222, 75205, 75211, 75209, 75202, 75228, 75208, 75215, 75229, 75223, 75203, 75230, 75206, 75213, 75201, 75224, 75214, 75225, 75212, 75207, 75226, 75210, 75227, 75221, 75216, 75218, 75220, 75217, 75219]"
1325225518111HRHB1,"[14801, 14802, 14803, 14804, 14805, 14806, 14807, 14808, 14809, 14810, 14811, 14812, 14813, 15201, 15202, 15203, 15204, 15205, 15206, 15207, 15208, 15209, 15210, 15211, 15212, 15213, 75204, 75222, 75205, 75211, 75209, 75202, 75228, 75208, 75215, 75229, 75223, 75203, 75230, 75206, 75213, 75201, 75224, 75214, 75225, 75212, 75207, 75226, 75210, 75227, 75221, 75216, 75218, 75220, 75217, 75219]"
1325223418103HRHR0,"[14801, 14802, 14803, 14804, 14805, 14806, 14807, 14808, 14809, 14810, 14811, 14812, 14813, 15201, 15202, 15203, 15204, 15205, 15206, 15207, 15208, 15209, 15210, 15211, 15212, 15213, 75204, 75222, 75205, 75211, 75209, 75202, 75228, 75208, 75215, 75229, 75223, 75203, 75230, 75206, 75213, 75201, 75224, 75214, 75225, 75212, 75207, 75226, 75210, 75227, 75221, 75216, 75218, 75220, 75217, 75219]"
1325217514086VURL0,"[4401, 4402, 4403, 4404, 4405, 4406, 4407, 4408, 4409, 4411, 4412, 4413, 4414, 4415, 4416, 4417, 4801, 4802, 9001, 9002, 9201, 9202, 9203, 9401, 9402, 9403, 9404, 9405, 9406, 9407, 9408, 9409, 9410, 9411, 9412, 9413, 9414, 24801, 24802, 24803, 24804, 24805, 24806, 24807, 24808, 24809, 24810, 24811, 24812, 24813, 24814, 24815, 24816, 24817, 24818, 24819, 24820, 24821, 24822, 24823, 24824, 24825, 14801, 14802, 14803, 14804, 14805, 14806, 14807, 14808, 14809, 14810, 14811, 14812, 14813, 15201, 15202, 15203, 15204, 15205, 15206, 15207, 15208, 15209, 15210, 15211, 15212, 15213, 75204, 24826, 75222, 75205, 75211, 75209, 75202, 75228, 75208, 75215, 75229, 75223, 75203, 75230, 75206, 75213, 75201, 75224, 75214, 75225, 75212, 75207, 75226, 75210, 75227, 75221, 75216, 75218, 75220, 75217, 75219]"
1325217514086VURL0,"[24801, 24802, 24803, 24804, 24805, 24806, 24807, 24808, 24809, 24810, 24811, 24812, 24813, 24814, 24815, 24816, 24817, 24818, 24819, 24820, 24821, 24822, 24823, 24824, 24825, 14801, 14802, 14803, 14804, 14805, 14806, 14807, 14808, 14809, 14810, 14811, 14812, 14813, 15201, 15202, 15203, 15204, 15205, 15206, 15207, 15208, 15209, 15210, 15211, 15212, 15213, 75204, 24826, 75222, 75205, 75211, 75209, 75202, 75228, 75208, 75215, 75229, 75223, 75203, 75230, 75206, 75213, 75201, 75224, 75214, 75225, 75212, 75207, 75226, 75210, 75227, 75221, 75216, 75218, 75220, 75217, 75219]"
1325217515084HURL4,"[24801, 24802, 24803, 24804, 24805, 24806, 24807, 24808, 24809, 24810, 24811, 24812, 24813, 24814, 24815, 24816, 24817, 24818, 24819, 24820, 24821, 24822, 24823, 24824, 24825, 14801, 14802, 14803, 14804, 14805, 14806, 14807, 14808, 14809, 14810, 14811, 14812, 14813, 15201, 15202, 15203, 15204, 15205, 15206, 15207, 15208, 15209, 15210, 15211, 15212, 15213, 75204, 24826, 75222, 75205, 75211, 75209, 75202, 75228, 75208, 75215, 75229, 75223, 75203, 75230, 75206, 75213, 75201, 75224, 75214, 75225, 75212, 75207, 75226, 75210, 75227, 75221, 75216, 75218, 75220, 75217, 75219]"
1325217614084HURLE,"[24801, 24802, 24803, 24804, 24805, 24806, 24807, 24808, 24809, 24810, 24811, 24812, 24813, 24814, 24815, 24816, 24817, 24818, 24819, 24820, 24821, 24822, 24823, 24824, 24825, 14801, 14802, 14803, 14804, 14805, 14806, 14807, 14808, 14809, 14810, 14811, 14812, 14813, 15201, 15202, 15203, 15204, 15205, 15206, 15207, 15208, 15209, 15210, 15211, 15212, 15213, 75204, 24826, 75222, 75205, 75211, 75209, 75202, 75228, 75208, 75215, 75229, 75223, 75203, 75230, 75206, 75213, 75201, 75224, 75214, 75225, 75212, 75207, 75226, 75210, 75227, 75221, 75216, 75218, 75220, 75217, 75219]"
1325218415088VLHP0,"[24801, 24802, 24803, 24804, 24805, 24806, 24807, 24808, 24809, 24810, 24811, 24812, 24813, 24814, 24815, 24816, 24817, 24818, 24819, 24820, 24821, 24822, 24823, 24824, 24825, 14801, 14802, 14803, 14804, 14805, 14806, 14807, 14808, 14809, 14810, 14811, 14812, 14813, 15201, 15202, 15203, 15204, 15205, 15206, 15207, 15208, 15209, 15210, 15211, 15212, 15213, 75204, 24826, 75222, 75205, 75211, 75209, 75202, 75228, 75208, 75215, 75229, 75223, 75203, 75230, 75206, 75213, 75201, 75224, 75214, 75225, 75212, 75207, 75226, 75210, 75227, 75221, 75216, 75218, 75220, 75217, 75219]"
1325218515092VLHP0,"[24801, 24802, 24803, 24804, 24805, 24806, 24807, 24808, 24809, 24810, 24811, 24812, 24813, 24814, 24815, 24816, 24817, 24818, 24819, 24820, 24821, 24822, 24823, 24824, 24825, 14801, 14802, 14803, 14804, 14805, 14806, 14807, 14808, 14809, 14810, 14811, 14812, 14813, 15201, 15202, 15203, 15204, 15205, 15206, 15207, 15208, 15209, 15210, 15211, 15212, 15213, 75204, 24826, 75222, 75205, 75211, 75209, 75202, 75228, 75208, 75215, 75229, 75223, 75203, 75230, 75206, 75213, 75201, 75224, 75214, 75225, 75212, 75207, 75226, 75210, 75227, 75221, 75216, 75218, 75220, 75217, 75219]"
1325219515095VLHP0,"[24801, 24802, 24803, 24804, 24805, 24806, 24807, 24808, 24809, 24810, 24811, 24812, 24813, 24814, 24815, 24816, 24817, 24818, 24819, 24820, 24821, 24822, 24823, 24824, 24825, 14801, 14802, 14803, 14804, 14805, 14806, 14807, 14808, 14809, 14810, 14811, 14812, 14813, 15201, 15202, 15203, 15204, 15205, 15206, 15207, 15208, 15209, 15210, 15211, 15212, 15213, 75204, 24826, 75222, 75205, 75211, 75209, 75202, 75228, 75208, 75215, 75229, 75223, 75203, 75230, 75206, 75213, 75201, 75224, 75214, 75225, 75212, 75207, 75226, 75210, 75227, 75221, 75216, 75218, 75220, 75217, 75219]"
1325220316094WLHP0,"[24801, 24802, 24803, 24804, 24805, 24806, 24807, 24808, 24809, 24810, 24811, 24812, 24813, 24814, 24815, 24816, 24817, 24818, 24819, 24820, 24821, 24822, 24823, 24824, 24825, 14801, 14802, 14803, 14804, 14805, 14806, 14807, 14808, 14809, 14810, 14811, 14812, 14813, 15201, 15202, 15203, 15204, 15205, 15206, 15207, 15208, 15209, 15210, 15211, 15212, 15213, 75204, 24826, 75222, 75205, 75211, 75209, 75202, 75228, 75208, 75215, 75229, 75223, 75203, 75230, 75206, 75213, 75201, 75224, 75214, 75225, 75212, 75207, 75226, 75210, 75227, 75221, 75216, 75218, 75220, 75217, 75219]"
1325223317103VUX11,"[24801, 24802, 24803, 24804, 24805, 24806, 24807, 24808, 24809, 24810, 24811, 24812, 24813, 24814, 24815, 24816, 24817, 24818, 24819, 24820, 24821, 24822, 24823, 24824, 24825, 14801, 14802, 14803, 14804, 14805, 14806, 14807, 14808, 14809, 14810, 14811, 14812, 14813, 15201, 15202, 15203, 15204, 15205, 15206, 15207, 15208, 15209, 15210, 15211, 15212, 15213, 75204, 24826, 75222, 75205, 75211, 75209, 75202, 75228, 75208, 75215, 75229, 75223, 75203, 75230, 75206, 75213, 75201, 75224, 75214, 75225, 75212, 75207, 75226, 75210, 75227, 75221, 75216, 75218, 75220, 75217, 75219]"
1325226517112TRAB0,"[15201, 15202, 15203, 15204, 15205, 15206, 15207, 15208, 15209, 15210, 15211, 15212, 15213, 75204, 75222, 75205, 75211, 75209, 75202, 75228, 75208, 75215, 75229, 75223, 75203, 75230, 75206, 75213, 75201, 75224, 75214, 75225, 75212, 75207, 75226, 75210, 75227, 75221, 75216, 75218, 75220, 75217, 75219]"
